1|1|1|1101010|Teupah Selatan|1101
2|1|1|1101020|Simeulue Timur|1101
3|1|1|1101021|Teupah Barat|1101
4|1|1|1101022|Teupah Tengah|1101
5|1|1|1101030|Simeulue Tengah|1101
6|1|1|1101031|Teluk Dalam|1101
7|1|1|1101032|Simeulue Cut|1101
8|1|1|1101040|Salang|1101
9|1|1|1101050|Simeulue Barat|1101
10|1|1|1101051|Alafan|1101
11|1|2|1102010|Pulau Banyak|1102
12|1|2|1102011|Pulau Banyak Barat|1102
13|1|2|1102020|Singkil|1102
14|1|2|1102021|Singkil Utara|1102
15|1|2|1102022|Kuala Baru|1102
16|1|2|1102030|Simpang Kanan|1102
17|1|2|1102031|Gunung Meriah|1102
18|1|2|1102032|Danau Paris|1102
19|1|2|1102033|Suro|1102
20|1|2|1102042|Singkohor|1102
21|1|2|1102043|Kota Baharu|1102
22|1|3|1103010|Trumon|1103
23|1|3|1103011|Trumon Timur|1103
24|1|3|1103012|Trumon Tengah|1103
25|1|3|1103020|Bakongan|1103
26|1|3|1103021|Bakongan Timur|1103
27|1|3|1103022|Kota Bahagia|1103
28|1|3|1103030|Kluet Selatan|1103
29|1|3|1103031|Kluet Timur|1103
30|1|3|1103040|Kluet Utara|1103
31|1|3|1103041|Pasie Raja|1103
32|1|3|1103042|Kluet Tengah|1103
33|1|3|1103050|Tapak Tuan|1103
34|1|3|1103060|Sama Dua|1103
35|1|3|1103070|Sawang|1103
36|1|3|1103080|Meukek|1103
37|1|3|1103090|Labuhan Haji|1103
38|1|3|1103091|Labuhan Haji Timur|1103
39|1|3|1103092|Labuhan Haji Barat|1103
40|1|4|1104010|Lawe Alas|1104
41|1|4|1104011|Babul Rahmah|1104
42|1|4|1104012|Tanoh Alas|1104
43|1|4|1104020|Lawe Sigala-gala|1104
44|1|4|1104021|Babul Makmur|1104
45|1|4|1104022|Semadam|1104
46|1|4|1104023|Leuser|1104
47|1|4|1104030|Bambel|1104
48|1|4|1104031|Bukit Tusam|1104
49|1|4|1104032|Lawe Sumur|1104
50|1|4|1104040|Babussalam|1104
51|1|4|1104041|Lawe Bulan|1104
52|1|4|1104050|Badar|1104
53|1|4|1104051|Darul Hasanah|1104
54|1|4|1104052|Ketambe|1104
55|1|4|1104053|Deleng Pokhkisen|1104
56|1|5|1105080|Serba Jadi|1105
57|1|5|1105081|Simpang Jernih|1105
58|1|5|1105082|Peunaron|1105
59|1|5|1105090|Birem Bayeun|1105
60|1|5|1105100|Rantau Selamat|1105
61|1|5|1105101|Sungai Raya|1105
62|1|5|1105110|Peureulak|1105
63|1|5|1105111|Peureulak Timur|1105
64|1|5|1105112|Peureulak Barat|1105
65|1|5|1105120|Ranto Peureulak|1105
66|1|5|1105130|Idi Rayeuk|1105
67|1|5|1105131|Peudawa|1105
68|1|5|1105132|Banda Alam|1105
69|1|5|1105133|Idi Tunong|1105
70|1|5|1105134|Darul Ihsan|1105
71|1|5|1105135|Idi Timur|1105
72|1|5|1105140|Darul Aman|1105
73|1|5|1105150|Nurussalam|1105
74|1|5|1105151|Darul Falah|1105
75|1|5|1105160|Julok|1105
76|1|5|1105161|Indra Makmur|1105
77|1|5|1105170|Pante Bidari|1105
78|1|5|1105180|Simpang Ulim|1105
79|1|5|1105181|Madat|1105
80|1|6|1106010|Linge|1106
81|1|6|1106011|Atu Lintang|1106
82|1|6|1106012|Jagong Jeget|1106
83|1|6|1106020|Bintang|1106
84|1|6|1106031|Lut Tawar|1106
85|1|6|1106032|Kebayakan|1106
86|1|6|1106040|Pegasing|1106
87|1|6|1106041|Bies|1106
88|1|6|1106050|Bebesen|1106
89|1|6|1106051|Kute Panang|1106
90|1|6|1106060|Silih Nara|1106
91|1|6|1106061|Ketol|1106
92|1|6|1106062|Celala|1106
93|1|6|1106063|Rusip Antara|1106
94|1|7|1107050|Johan Pahlawan|1107
95|1|7|1107060|Samatiga|1107
96|1|7|1107061|Bubon|1107
97|1|7|1107062|Arongan Lambalek|1107
98|1|7|1107070|Woyla|1107
99|1|7|1107071|Woyla Barat|1107
100|1|7|1107072|Woyla Timur|1107
101|1|7|1107080|Kaway Xvi|1107
102|1|7|1107081|Meureubo|1107
103|1|7|1107082|Pantai Ceuremen|1107
104|1|7|1107083|Panton Reu|1107
105|1|7|1107090|Sungai Mas|1107
106|1|8|1108010|Lhoong|1108
107|1|8|1108020|Lhoknga|1108
108|1|8|1108021|Leupung|1108
109|1|8|1108030|Indrapuri|1108
110|1|8|1108031|Kuta Cot Glie|1108
111|1|8|1108040|Seulimeum|1108
112|1|8|1108041|Kota Jantho|1108
113|1|8|1108042|Lembah Seulawah|1108
114|1|8|1108050|Mesjid Raya|1108
115|1|8|1108060|Darussalam|1108
116|1|8|1108061|Baitussalam|1108
117|1|8|1108070|Kuta Baro|1108
118|1|8|1108080|Montasik|1108
119|1|8|1108081|Blang Bintang|1108
120|1|8|1108090|Ingin Jaya|1108
121|1|8|1108091|Krueng Barona Jaya|1108
122|1|8|1108100|Suka Makmur|1108
123|1|8|1108101|Kuta Malaka|1108
124|1|8|1108102|Simpang Tiga|1108
125|1|8|1108110|Darul Imarah|1108
126|1|8|1108111|Darul Kamal|1108
127|1|8|1108120|Peukan Bada|1108
128|1|8|1108130|Pulo Aceh|1108
129|1|9|1109010|Geumpang|1109
130|1|9|1109011|Mane|1109
131|1|9|1109070|Glumpang Tiga|1109
132|1|9|1109071|Glumpang Baro|1109
133|1|9|1109080|Mutiara|1109
134|1|9|1109081|Mutiara Timur|1109
135|1|9|1109090|Tiro/truseb|1109
136|1|9|1109100|Tangse|1109
137|1|9|1109111|Keumala|1109
138|1|9|1109112|Titeue|1109
139|1|9|1109120|Sakti|1109
140|1|9|1109130|Mila|1109
141|1|9|1109140|Padang Tiji|1109
142|1|9|1109150|Delima|1109
143|1|9|1109151|Grong Grong|1109
144|1|9|1109160|Indrajaya|1109
145|1|9|1109170|Peukan Baro|1109
146|1|9|1109180|Kembang Tanjong|1109
147|1|9|1109190|Simpang Tiga|1109
148|1|9|1109200|Kota Sigli|1109
149|1|9|1109210|Pidie|1109
150|1|9|1109220|Batee|1109
151|1|9|1109230|Muara Tiga|1109
152|1|10|1110010|Samalanga|1110
153|1|10|1110011|Simpang Mamplam|1110
154|1|10|1110020|Pandrah|1110
155|1|10|1110030|Jeunieb|1110
156|1|10|1110031|Peulimbang|1110
157|1|10|1110040|Peudada|1110
158|1|10|1110050|Juli|1110
159|1|10|1110060|Jeumpa|1110
160|1|10|1110061|Kota Juang|1110
161|1|10|1110062|Kuala|1110
162|1|10|1110070|Jangka|1110
163|1|10|1110080|Peusangan|1110
164|1|10|1110081|Peusangan Selatan|1110
165|1|10|1110082|Peusangan Siblah Krueng|1110
166|1|10|1110090|Makmur|1110
167|1|10|1110100|Ganda Pura|1110
168|1|10|1110101|Kuta Blang|1110
169|1|11|1111010|Sawang|1111
170|1|11|1111020|Nisam|1111
171|1|11|1111021|Nisam Antara|1111
172|1|11|1111022|Banda Baro|1111
173|1|11|1111030|Kuta Makmur|1111
174|1|11|1111031|Simpang Keramat|1111
175|1|11|1111040|Syamtalira Bayu|1111
176|1|11|1111041|Geureudong Pase|1111
177|1|11|1111050|Meurah Mulia|1111
178|1|11|1111060|Matangkuli|1111
179|1|11|1111061|Paya Bakong|1111
180|1|11|1111062|Pirak Timu|1111
181|1|11|1111070|Cot Girek|1111
182|1|11|1111080|Tanah Jambo Aye|1111
183|1|11|1111081|Langkahan|1111
184|1|11|1111090|Seunuddon|1111
185|1|11|1111100|Baktiya|1111
186|1|11|1111101|Baktiya Barat|1111
187|1|11|1111110|Lhoksukon|1111
188|1|11|1111120|Tanah Luas|1111
189|1|11|1111121|Nibong|1111
190|1|11|1111130|Samudera|1111
191|1|11|1111140|Syamtalira Aron|1111
192|1|11|1111150|Tanah Pasir|1111
193|1|11|1111151|Lapang|1111
194|1|11|1111160|Muara Batu|1111
195|1|11|1111170|Dewantara|1111
196|1|12|1112010|Manggeng|1112
197|1|12|1112011|Lembah Sabil|1112
198|1|12|1112020|Tangan-tangan|1112
199|1|12|1112021|Setia|1112
200|1|12|1112030|Blang Pidie|1112
201|1|12|1112031|Jeumpa|1112
202|1|12|1112040|Susoh|1112
203|1|12|1112050|Kuala Batee|1112
204|1|12|1112060|Babah Rot|1112
205|1|13|1113010|Kuta Panjang|1113
206|1|13|1113011|Blang Jerango|1113
207|1|13|1113020|Blangkejeren|1113
208|1|13|1113021|Putri Betung|1113
209|1|13|1113022|Dabun Gelang|1113
210|1|13|1113023|Blang Pegayon|1113
211|1|13|1113030|Pining|1113
212|1|13|1113040|Rikit Gaib|1113
213|1|13|1113041|Pantan Cuaca|1113
214|1|13|1113050|Terangun|1113
215|1|13|1113051|Tripe Jaya|1113
216|1|14|1114010|Tamiang Hulu|1114
217|1|14|1114011|Bandar Pusaka|1114
218|1|14|1114020|Kejuruan Muda|1114
219|1|14|1114021|Tenggulun|1114
220|1|14|1114030|Rantau|1114
221|1|14|1114040|Kota Kuala Simpang|1114
222|1|14|1114050|Seruway|1114
223|1|14|1114060|Bendahara|1114
224|1|14|1114061|Banda Mulia|1114
225|1|14|1114070|Karang Baru|1114
226|1|14|1114071|Sekerak|1114
227|1|14|1114080|Manyak Payed|1114
228|1|15|1115010|Darul Makmur|1115
229|1|15|1115011|Tripa Makmur|1115
230|1|15|1115020|Kuala|1115
231|1|15|1115021|Kuala Pesisir|1115
232|1|15|1115022|Tadu Raya|1115
233|1|15|1115030|Beutong|1115
234|1|15|1115031|Beutong Ateuh Banggalang|1115
235|1|15|1115040|Seunagan|1115
236|1|15|1115041|Suka Makmue|1115
237|1|15|1115050|Seunagan Timur|1115
238|1|16|1116010|Teunom|1116
239|1|16|1116011|Pasie Raya|1116
240|1|16|1116020|Panga|1116
241|1|16|1116030|Krueng Sabee|1116
242|1|16|1116040|Setia Bakti|1116
243|1|16|1116050|Sampoiniet|1116
244|1|16|1116051|Darul Hikmah|1116
245|1|16|1116060|Jaya|1116
246|1|16|1116061|Indra Jaya|1116
247|1|17|1117010|Timang Gajah|1117
248|1|17|1117011|Gajah Putih|1117
249|1|17|1117020|Pintu Rime Gayo|1117
250|1|17|1117030|Bukit|1117
251|1|17|1117040|Wih Pesam|1117
252|1|17|1117050|Bandar|1117
253|1|17|1117051|Bener Kelipah|1117
254|1|17|1117060|Syiah Utama|1117
255|1|17|1117061|Mesidah|1117
256|1|17|1117070|Permata|1117
257|1|18|1118010|Meureudu|1118
258|1|18|1118020|Meurah Dua|1118
259|1|18|1118030|Bandar Dua|1118
260|1|18|1118040|Jangka Buya|1118
261|1|18|1118050|Ulim|1118
262|1|18|1118060|Trienggadeng|1118
263|1|18|1118070|Panteraja|1118
264|1|18|1118080|Bandar Baru|1118
265|1|19|1171010|Meuraxa|1171
266|1|19|1171011|Jaya Baru|1171
267|1|19|1171012|Banda Raya|1171
268|1|19|1171020|Baiturrahman|1171
269|1|19|1171021|Lueng Bata|1171
270|1|19|1171030|Kuta Alam|1171
271|1|19|1171031|Kuta Raja|1171
272|1|19|1171040|Syiah Kuala|1171
273|1|19|1171041|Ulee Kareng|1171
274|1|20|1172010|Sukajaya|1172
275|1|20|1172020|Sukakarya|1172
276|1|21|1173010|Langsa Timur|1173
277|1|21|1173011|Langsa Lama|1173
278|1|21|1173020|Langsa Barat|1173
279|1|21|1173021|Langsa Baro|1173
280|1|21|1173030|Langsa Kota|1173
281|1|22|1174010|Blang Mangat|1174
282|1|22|1174020|Muara Dua|1174
283|1|22|1174021|Muara Satu|1174
284|1|22|1174030|Banda Sakti|1174
285|1|23|1175010|Simpang Kiri|1175
286|1|23|1175020|Penanggalan|1175
287|1|23|1175030|Rundeng|1175
288|1|23|1175040|Sultan Daulat|1175
289|1|23|1175050|Longkib|1175
290|2|24|1201060|Idano Gawo|1201
291|2|24|1201061|Bawolato|1201
292|2|24|1201062|Ulugawo|1201
293|2|24|1201070|Gido|1201
294|2|24|1201071|Sogaeadu|1201
295|2|24|1201081|Ma u|1201
296|2|24|1201082|Somolo -molo|1201
297|2|24|1201130|Hiliduho|1201
298|2|24|1201131|Hili Serangkai|1201
299|2|24|1201132|Botomuzoi|1201
300|2|25|1202010|Batahan|1202
301|2|25|1202011|Sinunukan|1202
302|2|25|1202020|Batang Natal|1202
303|2|25|1202021|Lingga Bayu|1202
304|2|25|1202022|Ranto Baek|1202
305|2|25|1202030|Kotanopan|1202
306|2|25|1202031|Ulu Pungkut|1202
307|2|25|1202032|Tambangan|1202
308|2|25|1202033|Lembah Sorik Marapi|1202
309|2|25|1202034|Puncak Sorik Marapi|1202
310|2|25|1202040|Muara Sipongi|1202
311|2|25|1202041|Pakantan|1202
312|2|25|1202050|Panyabungan|1202
313|2|25|1202051|Panyabungan Selatan|1202
314|2|25|1202052|Panyabungan Barat|1202
315|2|25|1202053|Panyabungan Utara|1202
316|2|25|1202054|Panyabungan Timur|1202
317|2|25|1202055|Huta Bargot|1202
318|2|25|1202060|Natal|1202
319|2|25|1202070|Muara Batang Gadis|1202
320|2|25|1202080|Siabu|1202
321|2|25|1202081|Bukit Malintang|1202
322|2|25|1202082|Naga Juang|1202
323|2|26|1203010|Batang Angkola|1203
324|2|26|1203011|Sayur Matinggi|1203
325|2|26|1203012|Tano Tombangan Angkola|1203
326|2|26|1203070|Angkola Timur|1203
327|2|26|1203080|Angkola Selatan|1203
328|2|26|1203090|Angkola  Barat|1203
329|2|26|1203091|Angkola Sangkunur|1203
330|2|26|1203100|Batang Toru|1203
331|2|26|1203101|Marancar|1203
332|2|26|1203102|Muara Batang Toru|1203
333|2|26|1203110|Sipirok|1203
334|2|26|1203120|Arse|1203
335|2|26|1203160|Saipar Dolok Hole|1203
336|2|26|1203161|Aek Bilah|1203
337|2|27|1204010|Pinang Sori|1204
338|2|27|1204011|Badiri|1204
339|2|27|1204020|Sibabangun|1204
340|2|27|1204021|Lumut|1204
341|2|27|1204022|Sukabangun|1204
342|2|27|1204030|Pandan|1204
343|2|27|1204031|Tukka|1204
344|2|27|1204032|Sarudik|1204
345|2|27|1204040|Tapian Nauli|1204
346|2|27|1204041|Sitahuis|1204
347|2|27|1204050|Kolang|1204
348|2|27|1204060|Sorkam|1204
349|2|27|1204061|Sorkam Barat|1204
350|2|27|1204062|Pasaribu Tobing|1204
351|2|27|1204070|Barus|1204
352|2|27|1204071|Sosor Gadong|1204
353|2|27|1204072|Andam Dewi|1204
354|2|27|1204073|Barus Utara|1204
355|2|27|1204080|Manduamas|1204
356|2|27|1204081|Sirandorung|1204
357|2|28|1205030|Parmonangan|1205
358|2|28|1205040|Adiankoting|1205
359|2|28|1205050|Sipoholon|1205
360|2|28|1205060|Tarutung|1205
361|2|28|1205061|Siatas Barita|1205
362|2|28|1205070|Pahae Julu|1205
363|2|28|1205080|Pahae Jae|1205
364|2|28|1205081|Purbatua|1205
365|2|28|1205082|Simangumban|1205
366|2|28|1205090|Pangaribuan|1205
367|2|28|1205100|Garoga|1205
368|2|28|1205110|Sipahutar|1205
369|2|28|1205120|Siborongborong|1205
370|2|28|1205130|Pagaran|1205
371|2|28|1205180|Muara|1205
372|2|29|1206030|Balige|1206
373|2|29|1206031|Tampahan|1206
374|2|29|1206040|Laguboti|1206
375|2|29|1206050|Habinsaran|1206
376|2|29|1206051|Borbor|1206
377|2|29|1206052|Nassau|1206
378|2|29|1206060|Silaen|1206
379|2|29|1206061|Sigumpar|1206
380|2|29|1206070|Porsea|1206
381|2|29|1206071|Pintu Pohan Meranti|1206
382|2|29|1206072|Siantar Narumonda|1206
383|2|29|1206073|Parmaksian|1206
384|2|29|1206080|Lumban Julu|1206
385|2|29|1206081|Uluan|1206
386|2|29|1206082|Ajibata|1206
387|2|29|1206083|Bonatua Lunasi|1206
388|2|30|1207050|Bilah Hulu|1207
389|2|30|1207070|Pangkatan|1207
390|2|30|1207080|Bilah Barat|1207
391|2|30|1207130|Bilah Hilir|1207
392|2|30|1207140|Panai Hulu|1207
393|2|30|1207150|Panai Tengah|1207
394|2|30|1207160|Panai Hilir|1207
395|2|30|1207210|Rantau Selatan|1207
396|2|30|1207220|Rantau Utara|1207
397|2|31|1208010|Bandar Pasir Mandoge|1208
398|2|31|1208020|Bandar Pulau|1208
399|2|31|1208021|Aek Songsongan|1208
400|2|31|1208022|Rahuning|1208
401|2|31|1208030|Pulau Rakyat|1208
402|2|31|1208031|Aek Kuasan|1208
403|2|31|1208032|Aek Ledong|1208
404|2|31|1208040|Sei Kepayang|1208
405|2|31|1208041|Sei Kepayang Barat|1208
406|2|31|1208042|Sei Kepayang Timur|1208
407|2|31|1208050|Tanjung Balai|1208
408|2|31|1208060|Simpang Empat|1208
409|2|31|1208061|Teluk Dalam|1208
410|2|31|1208070|Air Batu|1208
411|2|31|1208071|Sei Dadap|1208
412|2|31|1208080|Buntu Pane|1208
413|2|31|1208081|Tinggi Raja|1208
414|2|31|1208082|Setia Janji|1208
415|2|31|1208090|Meranti|1208
416|2|31|1208091|Pulo Bandring|1208
417|2|31|1208092|Rawang Panca Arga|1208
418|2|31|1208100|Air Joman|1208
419|2|31|1208101|Silau Laut|1208
420|2|31|1208160|Kisaran Barat|1208
421|2|31|1208170|Kisaran Timur|1208
422|2|32|1209010|Silimakuta|1209
423|2|32|1209011|Pematang Silimahuta|1209
424|2|32|1209020|Purba|1209
425|2|32|1209021|Haranggaol Horison|1209
426|2|32|1209040|Sidamanik|1209
427|2|32|1209041|Pematang Sidamanik|1209
428|2|32|1209050|Girsang Sipangan Bolon|1209
429|2|32|1209060|Tanah Jawa|1209
430|2|32|1209061|Hatonduhan|1209
431|2|32|1209070|Dolok Panribuan|1209
432|2|32|1209080|Jorlang Hataran|1209
433|2|32|1209090|Panei|1209
434|2|32|1209091|Panombean Panei|1209
435|2|32|1209100|Raya|1209
436|2|32|1209101|Dolog Masagal|1209
437|2|32|1209110|Dolok Silau|1209
438|2|32|1209120|Silau Kahean|1209
439|2|32|1209130|Raya Kahean|1209
440|2|32|1209140|Tapian Dolok|1209
441|2|32|1209150|Dolok Batu Nanggar|1209
442|2|32|1209160|Siantar|1209
443|2|32|1209161|Gunung Malela|1209
444|2|32|1209162|Gunung Maligas|1209
445|2|32|1209170|Hutabayu Raja|1209
446|2|32|1209171|Jawa Maraja Bah Jambi|1209
447|2|32|1209180|Pematang Bandar|1209
448|2|32|1209181|Bandar Huluan|1209
449|2|32|1209190|Bandar|1209
450|2|32|1209191|Bandar Masilam|1209
451|2|32|1209200|Bosar Maligas|1209
452|2|32|1209210|Ujung Padang|1209
453|2|33|1210030|Sidikalang|1210
454|2|33|1210031|Berampu|1210
455|2|33|1210032|Sitinjo|1210
456|2|33|1210040|Parbuluan|1210
457|2|33|1210050|Sumbul|1210
458|2|33|1210051|Silahisabungan|1210
459|2|33|1210060|Silima Pungga-pungga|1210
460|2|33|1210061|Lae Parira|1210
461|2|33|1210070|Siempat Nempu|1210
462|2|33|1210080|Siempat Nempu Hulu|1210
463|2|33|1210090|Siempat Nempu Hilir|1210
464|2|33|1210100|Tiga Lingga|1210
465|2|33|1210101|Gunung Sitember|1210
466|2|33|1210110|Pegagan Hilir|1210
467|2|33|1210120|Tanah Pinem|1210
468|2|34|1211010|Mardingding|1211
469|2|34|1211020|Laubaleng|1211
470|2|34|1211030|Tiga Binanga|1211
471|2|34|1211040|Juhar|1211
472|2|34|1211050|Munte|1211
473|2|34|1211060|Kuta Buluh|1211
474|2|34|1211070|Payung|1211
475|2|34|1211071|Tiganderket|1211
476|2|34|1211080|Simpang Empat|1211
477|2|34|1211081|Naman Teran|1211
478|2|34|1211082|Merdeka|1211
479|2|34|1211090|Kabanjahe|1211
480|2|34|1211100|Berastagi|1211
481|2|34|1211110|Tigapanah|1211
482|2|34|1211111|Dolat Rayat|1211
483|2|34|1211120|Merek|1211
484|2|34|1211130|Barusjahe|1211
485|2|35|1212010|Gunung Meriah|1212
486|2|35|1212020|Sinembah Tanjung Muda Hulu|1212
487|2|35|1212030|Sibolangit|1212
488|2|35|1212040|Kutalimbaru|1212
489|2|35|1212050|Pancur Batu|1212
490|2|35|1212060|Namo Rambe|1212
491|2|35|1212070|Biru-biru|1212
492|2|35|1212080|Sinembah Tanjung Muda Hilir|1212
493|2|35|1212090|Bangun Purba|1212
494|2|35|1212190|Galang|1212
495|2|35|1212200|Tanjung Morawa|1212
496|2|35|1212210|Patumbak|1212
497|2|35|1212220|Deli Tua|1212
498|2|35|1212230|Sunggal|1212
499|2|35|1212240|Hamparan Perak|1212
500|2|35|1212250|Labuhan Deli|1212
501|2|35|1212260|Percut Sei Tuan|1212
502|2|35|1212270|Batang Kuis|1212
503|2|35|1212280|Pantai Labu|1212
504|2|35|1212290|Beringin|1212
505|2|35|1212300|Lubuk Pakam|1212
506|2|35|1212310|Pagar Merbau|1212
507|2|36|1213010|Bohorok|1213
508|2|36|1213011|Sirapit|1213
509|2|36|1213020|Salapian|1213
510|2|36|1213021|Kutambaru|1213
511|2|36|1213030|Sei Bingai|1213
512|2|36|1213040|Kuala|1213
513|2|36|1213050|Selesai|1213
514|2|36|1213060|Binjai|1213
515|2|36|1213070|Stabat|1213
516|2|36|1213080|Wampu|1213
517|2|36|1213090|Batang Serangan|1213
518|2|36|1213100|Sawit Seberang|1213
519|2|36|1213110|Padang Tualang|1213
520|2|36|1213120|Hinai|1213
521|2|36|1213130|Secanggang|1213
522|2|36|1213140|Tanjung Pura|1213
523|2|36|1213150|Gebang|1213
524|2|36|1213160|Babalan|1213
525|2|36|1213170|Sei Lepan|1213
526|2|36|1213180|Brandan Barat|1213
527|2|36|1213190|Besitang|1213
528|2|36|1213200|Pangkalan Susu|1213
529|2|36|1213201|Pematang Jaya|1213
530|2|37|1214010|Hibala|1214
531|2|37|1214011|Tanah Masa|1214
532|2|37|1214020|Pulau-pulau Batu|1214
533|2|37|1214021|Pulau-pulau Batu Timur|1214
534|2|37|1214022|Simuk|1214
535|2|37|1214023|Pulau-pulau Batu Barat|1214
536|2|37|1214024|Pulau-pulau Batu Utara|1214
537|2|37|1214030|Teluk Dalam|1214
538|2|37|1214031|Fanayama|1214
539|2|37|1214032|Toma|1214
540|2|37|1214033|Maniamolo|1214
541|2|37|1214034|Mazino|1214
542|2|37|1214035|Luahagundre Maniamolo|1214
543|2|37|1214036|Onolalu|1214
544|2|37|1214040|Amandraya|1214
545|2|37|1214041|Aramo|1214
546|2|37|1214042|Ulususua|1214
547|2|37|1214050|Lahusa|1214
548|2|37|1214051|Siduaori|1214
549|2|37|1214052|Somambawa|1214
550|2|37|1214060|Gomo|1214
551|2|37|1214061|Susua|1214
552|2|37|1214062|Mazo|1214
553|2|37|1214063|Umbunasi|1214
554|2|37|1214064|Idanotae|1214
555|2|37|1214065|Uluidanotae|1214
556|2|37|1214066|Boronadu|1214
557|2|37|1214070|Lolomatua|1214
558|2|37|1214071|Ulunoyo|1214
559|2|37|1214072|Huruna|1214
560|2|37|1214080|lolowau'|1214
561|2|37|1214081|Hilimegai|1214
562|2|37|1214082|Oou|1214
563|2|37|1214083|Onohazumba|1214
564|2|37|1214084|Hilisalawaahe|1214
565|2|38|1215010|Pakkat|1215
566|2|38|1215020|Onan Ganjang|1215
567|2|38|1215030|Sijama Polang|1215
568|2|38|1215040|Dolok Sanggul|1215
569|2|38|1215050|Lintong Nihuta|1215
570|2|38|1215060|Paranginan|1215
571|2|38|1215070|Bakti Raja|1215
572|2|38|1215080|Pollung|1215
573|2|38|1215090|Parlilitan|1215
574|2|38|1215100|Tara Bintang|1215
575|2|39|1216010|Salak|1216
576|2|39|1216011|Sitellu Tali Urang Jehe|1216
577|2|39|1216012|Pagindar|1216
578|2|39|1216013|Sitellu Tali Urang Julu|1216
579|2|39|1216014|Pergetteng-getteng Sengkut|1216
580|2|39|1216020|Kerajaan|1216
581|2|39|1216021|Tinada|1216
582|2|39|1216022|Siempat Rube|1216
583|2|40|1217010|Sianjur Mula Mula|1217
584|2|40|1217020|Harian|1217
585|2|40|1217030|Sitio-tio|1217
586|2|40|1217040|Onan Runggu|1217
587|2|40|1217050|Nainggolan|1217
588|2|40|1217060|Palipi|1217
589|2|40|1217070|Ronggur Nihuta|1217
590|2|40|1217080|Pangururan|1217
591|2|40|1217090|Simanindo|1217
592|2|41|1218010|Kotarih|1218
593|2|41|1218011|Silinda|1218
594|2|41|1218012|Bintang Bayu|1218
595|2|41|1218020|Dolok Masihul|1218
596|2|41|1218021|Serbajadi|1218
597|2|41|1218030|Sipispis|1218
598|2|41|1218040|Dolok Merawan|1218
599|2|41|1218050|Tebingtinggi|1218
600|2|41|1218051|Tebing Syahbandar|1218
601|2|41|1218060|Bandar Khalipah|1218
602|2|41|1218070|Tanjung Beringin|1218
603|2|41|1218080|Sei Rampah|1218
604|2|41|1218081|Sei Bamban|1218
605|2|41|1218090|Teluk Mengkudu|1218
606|2|41|1218100|Perbaungan|1218
607|2|41|1218101|Pegajahan|1218
608|2|41|1218110|Pantai Cermin|1218
609|2|42|1219010|Sei Balai|1219
610|2|42|1219020|Tanjung Tiram|1219
611|2|42|1219021|Nibung Hangus|1219
612|2|42|1219030|Talawi|1219
613|2|42|1219031|Datuk Tanah Datar|1219
614|2|42|1219040|Limapuluh|1219
615|2|42|1219041|Lima Puluh Pesisir|1219
616|2|42|1219042|Datuk Lima Puluh|1219
617|2|42|1219050|Air Putih|1219
618|2|42|1219060|Sei Suka|1219
619|2|42|1219061|Laut Tador|1219
620|2|42|1219070|Medang Deras|1219
621|2|43|1220010|Batang Onang|1220
622|2|43|1220020|Padang Bolak Julu|1220
623|2|43|1220030|Portibi|1220
624|2|43|1220040|Padang Bolak|1220
625|2|43|1220041|Padang Bolak Tenggara|1220
626|2|43|1220050|Simangambat|1220
627|2|43|1220051|Ujung Batu|1220
628|2|43|1220060|Halongonan|1220
629|2|43|1220061|Halongonan Timur|1220
630|2|43|1220070|Dolok|1220
631|2|43|1220080|Dolok Sigompulon|1220
632|2|43|1220090|Hulu Sihapas|1220
633|2|44|1221010|Sosopan|1221
634|2|44|1221020|Ulu Barumun|1221
635|2|44|1221030|Barumun|1221
636|2|44|1221031|Barumun Selatan|1221
637|2|44|1221040|Lubuk Barumun|1221
638|2|44|1221050|Sosa|1221
639|2|44|1221060|Batang Lubu Sutam|1221
640|2|44|1221070|Huta Raja Tinggi|1221
641|2|44|1221080|Huristak|1221
642|2|44|1221090|Barumun Tengah|1221
643|2|44|1221091|Aek Nabara Barumun|1221
644|2|44|1221092|Sihapas Barumun|1221
645|2|45|1222010|Sungai Kanan|1222
646|2|45|1222020|Torgamba|1222
647|2|45|1222030|Kota Pinang|1222
648|2|45|1222040|Silangkitang|1222
649|2|45|1222050|Kampung Rakyat|1222
650|2|46|1223010|Na Ix-x|1223
651|2|46|1223020|Marbau|1223
652|2|46|1223030|Aek Kuo|1223
653|2|46|1223040|Aek Natas|1223
654|2|46|1223050|Kualuh Selatan|1223
655|2|46|1223060|Kualuh Hilir|1223
656|2|46|1223070|Kualuh Hulu|1223
657|2|46|1223080|Kualuh Leidong|1223
658|2|47|1224010|Tugala Oyo|1224
659|2|47|1224020|Alasa|1224
660|2|47|1224030|Alasa Talu Muzoi|1224
661|2|47|1224040|Namohalu Esiwa|1224
662|2|47|1224050|Sitolu Ori|1224
663|2|47|1224060|Tuhemberua|1224
664|2|47|1224070|Sawo|1224
665|2|47|1224080|Lotu|1224
666|2|47|1224090|Lahewa Timur|1224
667|2|47|1224100|Afulu|1224
668|2|47|1224110|Lahewa|1224
669|2|48|1225010|Sirombu|1225
670|2|48|1225020|Lahomi|1225
671|2|48|1225030|Ulu Moro o|1225
672|2|48|1225040|Lolofitu Moi|1225
673|2|48|1225050|Mandrehe Utara|1225
674|2|48|1225060|Mandrehe|1225
675|2|48|1225070|Mandrehe Barat|1225
676|2|48|1225080|Moro o|1225
677|2|49|1271010|Sibolga Utara|1271
678|2|49|1271020|Sibolga Kota|1271
679|2|49|1271030|Sibolga Selatan|1271
680|2|49|1271031|Sibolga Sambas|1271
681|2|50|1272010|Datuk Bandar|1272
682|2|50|1272011|Datuk Bandar Timur|1272
683|2|50|1272020|Tanjung Balai Selatan|1272
684|2|50|1272030|Tanjung Balai Utara|1272
685|2|50|1272040|Sei Tualang Raso|1272
686|2|50|1272050|Teluk Nibung|1272
687|2|51|1273010|Siantar Marihat|1273
688|2|51|1273011|Siantar Marimbun|1273
689|2|51|1273020|Siantar Selatan|1273
690|2|51|1273030|Siantar Barat|1273
691|2|51|1273040|Siantar Utara|1273
692|2|51|1273050|Siantar Timur|1273
693|2|51|1273060|Siantar Martoba|1273
694|2|51|1273061|Siantar Sitalasari|1273
695|2|52|1274010|Padang Hulu|1274
696|2|52|1274011|Tebing Tinggi Kota|1274
697|2|52|1274020|Rambutan|1274
698|2|52|1274021|Bajenis|1274
699|2|52|1274030|Padang Hilir|1274
700|2|53|1275010|Medan Tuntungan|1275
701|2|53|1275020|Medan Johor|1275
702|2|53|1275030|Medan Amplas|1275
703|2|53|1275040|Medan Denai|1275
704|2|53|1275050|Medan Area|1275
705|2|53|1275060|Medan Kota|1275
706|2|53|1275070|Medan Maimun|1275
707|2|53|1275080|Medan Polonia|1275
708|2|53|1275090|Medan Baru|1275
709|2|53|1275100|Medan Selayang|1275
710|2|53|1275110|Medan Sunggal|1275
711|2|53|1275120|Medan Helvetia|1275
712|2|53|1275130|Medan Petisah|1275
713|2|53|1275140|Medan Barat|1275
714|2|53|1275150|Medan Timur|1275
715|2|53|1275160|Medan Perjuangan|1275
716|2|53|1275170|Medan Tembung|1275
717|2|53|1275180|Medan Deli|1275
718|2|53|1275190|Medan Labuhan|1275
719|2|53|1275200|Medan Marelan|1275
720|2|53|1275210|Medan Belawan|1275
721|2|54|1276010|Binjai Selatan|1276
722|2|54|1276020|Binjai Kota|1276
723|2|54|1276030|Binjai Timur|1276
724|2|54|1276040|Binjai Utara|1276
725|2|54|1276050|Binjai Barat|1276
726|2|55|1277010|Padangsidimpuan Tenggara|1277
727|2|55|1277020|Padangsidimpuan Selatan|1277
728|2|55|1277030|Padangsidimpuan Batunadua|1277
729|2|55|1277040|Padangsidimpuan Utara|1277
730|2|55|1277050|Padangsidimpuan Hutaimbaru|1277
731|2|55|1277051|Padangsidimpuan Angkola Julu|1277
732|2|56|1278010|Gunungsitoli Idanoi|1278
733|2|56|1278020|Gunungsitoli Selatan|1278
734|2|56|1278030|Gunungsitoli Barat|1278
735|2|56|1278040|Gunung Sitoli|1278
736|2|56|1278050|Gunungsitoli Alo Oa|1278
737|2|56|1278060|Gunungsitoli Utara|1278
738|3|57|1301011|Pagai Selatan|1301
739|3|57|1301012|Sikakap|1301
740|3|57|1301013|Pagai Utara|1301
741|3|57|1301021|Sipora Selatan|1301
742|3|57|1301022|Sipora Utara|1301
743|3|57|1301030|Siberut Selatan|1301
744|3|57|1301031|Seberut Barat Daya|1301
745|3|57|1301032|Siberut Tengah|1301
746|3|57|1301040|Siberut Utara|1301
747|3|57|1301041|Siberut Barat|1301
748|3|58|1302011|Silaut|1302
749|3|58|1302012|Lunang|1302
750|3|58|1302020|Basa Ampek Balai Tapan|1302
751|3|58|1302021|Ranah Ampek Hulu Tapan|1302
752|3|58|1302030|Pancung Soal|1302
753|3|58|1302031|Airpura|1302
754|3|58|1302040|Linggo Sari Baganti|1302
755|3|58|1302050|Ranah Pesisir|1302
756|3|58|1302060|Lengayang|1302
757|3|58|1302070|Sutera|1302
758|3|58|1302080|Batang Kapas|1302
759|3|58|1302090|IV Jurai|1302
760|3|58|1302100|Bayang|1302
761|3|58|1302101|IV  Nagari Bayang Utara|1302
762|3|58|1302110|Koto XI Tarusan|1302
763|3|59|1303040|Pantai Cermin|1303
764|3|59|1303050|Lembah Gumanti|1303
765|3|59|1303051|Hiliran Gumanti|1303
766|3|59|1303060|Payung Sekaki|1303
767|3|59|1303061|Tigo Lurah|1303
768|3|59|1303070|Lembang Jaya|1303
769|3|59|1303071|Danau Kembar|1303
770|3|59|1303080|Gunung Talang|1303
771|3|59|1303090|Bukit Sundi|1303
772|3|59|1303100|IX Koto Sungai Lasi|1303
773|3|59|1303110|Kubung|1303
774|3|59|1303120|XKoto Diatas|1303
775|3|59|1303130|XKoto Singkarak|1303
776|3|59|1303140|Junjung Sirih|1303
777|3|60|1304050|Kamang Baru|1304
778|3|60|1304060|Tanjung Gadang|1304
779|3|60|1304070|Sijunjung|1304
780|3|60|1304071|Lubuk Tarok|1304
781|3|60|1304080|IV Nagari|1304
782|3|60|1304090|Kupitan|1304
783|3|60|1304100|Koto Tujuh|1304
784|3|60|1304110|Sumpur Kudus|1304
785|3|61|1305010|Sepuluh Koto|1305
786|3|61|1305020|Batipuh|1305
787|3|61|1305021|Batipuh Selatan|1305
788|3|61|1305030|Pariangan|1305
789|3|61|1305040|Rambatan|1305
790|3|61|1305050|Lima Kaum|1305
791|3|61|1305060|Tanjung Emas|1305
792|3|61|1305070|Padang Ganting|1305
793|3|61|1305080|Lintau Buo|1305
794|3|61|1305081|Lintau Buo Utara|1305
795|3|61|1305090|Sungayang|1305
796|3|61|1305100|Sungai Tarab|1305
797|3|61|1305110|Salimpaung|1305
798|3|61|1305111|Tanjung Baru|1305
799|3|62|1306010|Batang Anai|1306
800|3|62|1306020|Lubuk Alung|1306
801|3|62|1306021|Sintuk Toboh Gadang|1306
802|3|62|1306030|Ulakan Tapakis|1306
803|3|62|1306040|Nan Sabaris|1306
804|3|62|1306050|2x 11 Enam Lingkung|1306
805|3|62|1306051|Enam Lingkung|1306
806|3|62|1306052|2x 11 Kayu Tanam|1306
807|3|62|1306060|VII Koto Sungai Sariak|1306
808|3|62|1306061|Patamuan|1306
809|3|62|1306062|Padang Sago|1306
810|3|62|1306070|VKoto Kp Dalam|1306
811|3|62|1306071|VKoto Timur|1306
812|3|62|1306080|Sungai Limau|1306
813|3|62|1306081|Batang Gasan|1306
814|3|62|1306090|Sungai Geringging|1306
815|3|62|1306100|IV Koto Aur Malintang|1306
816|3|63|1307010|Tanjung Mutiara|1307
817|3|63|1307020|Lubuk Basung|1307
818|3|63|1307021|Ampek Nagari|1307
819|3|63|1307030|Tanjung Raya|1307
820|3|63|1307040|Matur|1307
821|3|63|1307050|IV Koto|1307
822|3|63|1307051|Malalak|1307
823|3|63|1307061|Banuhampu|1307
824|3|63|1307062|Sungai Pua|1307
825|3|63|1307070|Ampek Angkek|1307
826|3|63|1307071|Canduang|1307
827|3|63|1307080|Baso|1307
828|3|63|1307090|Tilatang Kamang|1307
829|3|63|1307091|Kamang Magek|1307
830|3|63|1307100|Palembayan|1307
831|3|63|1307110|Palupuh|1307
832|3|64|1308010|Payakumbuh|1308
833|3|64|1308011|Akabiluru|1308
834|3|64|1308020|Luak|1308
835|3|64|1308021|Lareh Sago Halaban|1308
836|3|64|1308022|Situjuah Limo Nagari|1308
837|3|64|1308030|Harau|1308
838|3|64|1308040|Guguak|1308
839|3|64|1308041|Mungka|1308
840|3|64|1308050|Suliki|1308
841|3|64|1308051|Bukik Barisan|1308
842|3|64|1308060|Gunuang Omeh|1308
843|3|64|1308070|Kapur IX|1308
844|3|64|1308080|Pangkalan Koto Baru|1308
845|3|65|1309070|Bonjol|1309
846|3|65|1309071|Tigo Nagari|1309
847|3|65|1309072|Simpang Alahan Mati|1309
848|3|65|1309080|Lubuk Sikaping|1309
849|3|65|1309100|Dua Koto|1309
850|3|65|1309110|Panti|1309
851|3|65|1309111|Padang Gelugur|1309
852|3|65|1309121|Rao|1309
853|3|65|1309122|Mapat Tunggul|1309
854|3|65|1309123|Mapat Tunggul Selatan|1309
855|3|65|1309124|Rao Selatan|1309
856|3|65|1309125|Rao Utara|1309
857|3|66|1310010|Sangir|1310
858|3|66|1310020|Sangir Jujuan|1310
859|3|66|1310021|Sangir Balai Janggo|1310
860|3|66|1310030|Sangir Batang Hari|1310
861|3|66|1310040|Sungai Pagu|1310
862|3|66|1310041|Pauah Duo|1310
863|3|66|1310050|Koto Parik Gadang Diateh|1310
864|3|67|1311010|Sungai Rumbai|1311
865|3|67|1311011|Koto Besar|1311
866|3|67|1311012|Asam Jujuhan|1311
867|3|67|1311020|Koto Baru|1311
868|3|67|1311021|Koto Salak|1311
869|3|67|1311022|Tiumang|1311
870|3|67|1311023|Padang Laweh|1311
871|3|67|1311030|Sitiung|1311
872|3|67|1311031|Timpeh|1311
873|3|67|1311040|Pulau Punjung|1311
874|3|67|1311041|IX Koto|1311
875|3|68|1312010|Sungai Beremas|1312
876|3|68|1312020|Ranah Batahan|1312
877|3|68|1312030|Koto Balingka|1312
878|3|68|1312040|Sungai Aur|1312
879|3|68|1312050|Lembah Malintang|1312
880|3|68|1312060|Gunung Tuleh|1312
881|3|68|1312070|Talamau|1312
882|3|68|1312080|Pasaman|1312
883|3|68|1312090|Luhak Nan Duo|1312
884|3|68|1312100|Sasak Ranah Pasisie|1312
885|3|68|1312110|Kinali|1312
886|3|69|1371010|Bungus Teluk Kabung|1371
887|3|69|1371020|Lubuk Kilangan|1371
888|3|69|1371030|Lubuk Begalung|1371
889|3|69|1371040|Padang Selatan|1371
890|3|69|1371050|Padang Timur|1371
891|3|69|1371060|Padang Barat|1371
892|3|69|1371070|Padang Utara|1371
893|3|69|1371080|Nanggalo|1371
894|3|69|1371090|Kuranji|1371
895|3|69|1371100|Pauh|1371
896|3|69|1371110|Koto Tangah|1371
897|3|70|1372010|Lubuk Sikarah|1372
898|3|70|1372020|Tanjung Harapan|1372
899|3|71|1373010|Silungkang|1373
900|3|71|1373020|Lembah Segar|1373
901|3|71|1373030|Barangin|1373
902|3|71|1373040|Talawi|1373
903|3|72|1374010|Padang Panjang Barat|1374
904|3|72|1374020|Padang Panjang Timur|1374
905|3|73|1375010|Guguk Panjang|1375
906|3|73|1375020|Mandiangin Koto Selayan|1375
907|3|73|1375030|Aur Birugo Tigo Baleh|1375
908|3|74|1376010|Payakumbuh Barat|1376
909|3|74|1376011|Payakumbuh Selatan|1376
910|3|74|1376020|Payakumbuh Timur|1376
911|3|74|1376030|Payakumbuh Utara|1376
912|3|74|1376031|Lamposi Tigo Nagori|1376
913|3|75|1377010|Pariaman Selatan|1377
914|3|75|1377020|Pariaman Tengah|1377
915|3|75|1377021|Pariaman Timur|1377
916|3|75|1377030|Pariaman Utara|1377
917|4|76|1401010|Kuantan Mudik|1401
918|4|76|1401011|Hulu Kuantan|1401
919|4|76|1401012|Gunung Toar|1401
920|4|76|1401013|Pucuk Rantau|1401
921|4|76|1401020|Singingi|1401
922|4|76|1401021|Singingi Hilir|1401
923|4|76|1401030|Kuantan Tengah|1401
924|4|76|1401031|Sentajo Raya|1401
925|4|76|1401040|Benai|1401
926|4|76|1401050|Kuantan Hilir|1401
927|4|76|1401051|Pangean|1401
928|4|76|1401052|Logas Tanah Darat|1401
929|4|76|1401053|Kuantan Hilir Seberang|1401
930|4|76|1401060|Cerenti|1401
931|4|76|1401061|Inuman|1401
932|4|77|1402010|Peranap|1402
933|4|77|1402011|Batang Peranap|1402
934|4|77|1402020|Seberida|1402
935|4|77|1402021|Batang Cenaku|1402
936|4|77|1402022|Batang Gansal|1402
937|4|77|1402030|Kelayang|1402
938|4|77|1402031|Rakit Kulim|1402
939|4|77|1402040|Pasir Penyu|1402
940|4|77|1402041|Lirik|1402
941|4|77|1402042|Sungai Lala|1402
942|4|77|1402043|Lubuk Batu Jaya|1402
943|4|77|1402050|Rengat Barat|1402
944|4|77|1402060|Rengat|1402
945|4|77|1402061|Kuala Cenaku|1402
946|4|78|1403010|Keritang|1403
947|4|78|1403011|Kemuning|1403
948|4|78|1403020|Reteh|1403
949|4|78|1403021|Sungai Batang|1403
950|4|78|1403030|Enok|1403
951|4|78|1403040|Tanah Merah|1403
952|4|78|1403050|Kuala Indragiri|1403
953|4|78|1403051|Concong|1403
954|4|78|1403060|Tembilahan|1403
955|4|78|1403061|Tembilahan Hulu|1403
956|4|78|1403070|Tempuling|1403
957|4|78|1403071|Kempas|1403
958|4|78|1403080|Batang Tuaka|1403
959|4|78|1403090|Gaung Anak Serka|1403
960|4|78|1403100|Gaung|1403
961|4|78|1403110|Mandah|1403
962|4|78|1403120|Kateman|1403
963|4|78|1403121|Pelangiran|1403
964|4|78|1403122|Teluk Belengkong|1403
965|4|78|1403123|Pulau Burung|1403
966|4|79|1404010|Langgam|1404
967|4|79|1404011|Pangkalan Kerinci|1404
968|4|79|1404012|Bandar Seikijang|1404
969|4|79|1404020|Pangkalan Kuras|1404
970|4|79|1404021|Ukui|1404
971|4|79|1404022|Pangkalan Lesung|1404
972|4|79|1404030|Bunut|1404
973|4|79|1404031|Pelalawan|1404
974|4|79|1404032|Bandar Petalangan|1404
975|4|79|1404040|Kuala Kampar|1404
976|4|79|1404041|Kerumutan|1404
977|4|79|1404042|Teluk Meranti|1404
978|4|80|1405010|Minas|1405
979|4|80|1405011|Sungai Mandau|1405
980|4|80|1405012|Kandis|1405
981|4|80|1405020|Siak|1405
982|4|80|1405021|Kerinci Kanan|1405
983|4|80|1405022|Tualang|1405
984|4|80|1405023|Dayun|1405
985|4|80|1405024|Lubuk Dalam|1405
986|4|80|1405025|Koto Gasib|1405
987|4|80|1405026|Mempura|1405
988|4|80|1405030|Sungai Apit|1405
989|4|80|1405031|Bunga Raya|1405
990|4|80|1405032|Sabak Auh|1405
991|4|80|1405033|Pusako|1405
992|4|81|1406010|Kampar Kiri|1406
993|4|81|1406011|Kampar Kiri Hulu|1406
994|4|81|1406012|Kampar Kiri Hilir|1406
995|4|81|1406013|Gunung Sahilan|1406
996|4|81|1406014|Kampar Kiri Tengah|1406
997|4|81|1406020|XIII Koto Kampar|1406
998|4|81|1406021|Koto Kampar Hulu|1406
999|4|81|1406030|Kuok|1406
1000|4|81|1406031|Salo|1406
1001|4|81|1406040|Tapung|1406
1002|4|81|1406041|Tapung Hulu|1406
1003|4|81|1406042|Tapung Hilir|1406
1004|4|81|1406050|Bangkinang Kota|1406
1005|4|81|1406051|Bangkinang|1406
1006|4|81|1406060|Kampar|1406
1007|4|81|1406061|Kampa|1406
1008|4|81|1406062|Rumbio Jaya|1406
1009|4|81|1406063|Kampar Utara|1406
1010|4|81|1406070|Tambang|1406
1011|4|81|1406080|Siak Hulu|1406
1012|4|81|1406081|Perhentian Raja|1406
1013|4|82|1407010|Rokan IV Koto|1407
1014|4|82|1407011|Pendalian IV Koto|1407
1015|4|82|1407020|Tandun|1407
1016|4|82|1407021|Kabun|1407
1017|4|82|1407022|Ujung Batu|1407
1018|4|82|1407030|Rambah Samo|1407
1019|4|82|1407040|Rambah|1407
1020|4|82|1407041|Rambah Hilir|1407
1021|4|82|1407042|Bangun Purba|1407
1022|4|82|1407050|Tambusai|1407
1023|4|82|1407051|Tambusai Utara|1407
1024|4|82|1407060|Kepenuhan|1407
1025|4|82|1407061|Kepenuhan Hulu|1407
1026|4|82|1407070|Kunto Darussalam|1407
1027|4|82|1407071|Pagaran Tapah Darussalam|1407
1028|4|82|1407072|Bonai Darussalam|1407
1029|4|83|1408010|Mandau|1408
1030|4|83|1408011|Pinggir|1408
1031|4|83|1408012|Bathin Solapan|1408
1032|4|83|1408013|Talang Muandau|1408
1033|4|83|1408020|Bukit Batu|1408
1034|4|83|1408021|Siak Kecil|1408
1035|4|83|1408022|Bandar Laksamana|1408
1036|4|83|1408030|Rupat|1408
1037|4|83|1408031|Rupat Utara|1408
1038|4|83|1408040|Bengkalis|1408
1039|4|83|1408050|Bantan|1408
1040|4|84|1409010|Tanah Putih|1409
1041|4|84|1409011|Pujud|1409
1042|4|84|1409012|Tanah Putih Tanjung Melawan|1409
1043|4|84|1409013|Rantau Kopar|1409
1044|4|84|1409014|Tanjung Medan|1409
1045|4|84|1409020|Bagan Sinembah|1409
1046|4|84|1409021|Simpang Kanan|1409
1047|4|84|1409022|Bagan Sinembah Raya|1409
1048|4|84|1409023|Balai Jaya|1409
1049|4|84|1409030|Kubu|1409
1050|4|84|1409031|Pasir Limau Kapas|1409
1051|4|84|1409032|Kubu Babussalam|1409
1052|4|84|1409040|Bangko|1409
1053|4|84|1409041|Sinaboi|1409
1054|4|84|1409042|Batu Hampar|1409
1055|4|84|1409043|Pekaitan|1409
1056|4|84|1409050|Rimba Melintang|1409
1057|4|84|1409051|Bangko Pusako|1409
1058|4|85|1410010|Tebing Tinggi Barat|1410
1059|4|85|1410020|Tebing Tinggi|1410
1060|4|85|1410021|Tebing Tinggi Timur|1410
1061|4|85|1410030|Rangsang|1410
1062|4|85|1410031|Rangsang Pesisir|1410
1063|4|85|1410040|Rangsang Barat|1410
1064|4|85|1410050|Merbau|1410
1065|4|85|1410051|Pulau Merbau|1410
1066|4|85|1410052|Tasik Putri Puyu|1410
1067|4|86|1471010|Tampan|1471
1068|4|86|1471011|Payung Sekaki|1471
1069|4|86|1471020|Bukit Raya|1471
1070|4|86|1471021|Marpoyan Damai|1471
1071|4|86|1471022|Tenayan Raya|1471
1072|4|86|1471030|Limapuluh|1471
1073|4|86|1471040|Sail|1471
1074|4|86|1471050|Pekanbaru Kota|1471
1075|4|86|1471060|Sukajadi|1471
1076|4|86|1471070|Senapelan|1471
1077|4|86|1471080|Rumbai|1471
1078|4|86|1471081|Rumbai Pesisir|1471
1079|4|87|1473010|Bukit Kapur|1473
1080|4|87|1473011|Medang Kampai|1473
1081|4|87|1473012|Sungai Sembilan|1473
1082|4|87|1473020|Dumai Barat|1473
1083|4|87|1473021|Dumai Selatan|1473
1084|4|87|1473030|Dumai Timur|1473
1085|4|87|1473031|Dumai Kota|1473
1086|5|88|1501010|Gunung Raya|1501
1087|5|88|1501011|Bukit Kerman|1501
1088|5|88|1501020|Batang Merangin|1501
1089|5|88|1501030|Keliling Danau|1501
1090|5|88|1501040|Danau Kerinci|1501
1091|5|88|1501050|Sitinjau Laut|1501
1092|5|88|1501070|Air Hangat|1501
1093|5|88|1501071|Air Hangat Timur|1501
1094|5|88|1501072|Depati VII|1501
1095|5|88|1501073|Air Hangat Barat|1501
1096|5|88|1501080|Gunung Kerinci|1501
1097|5|88|1501081|Siulak|1501
1098|5|88|1501082|Siulak Mukai|1501
1099|5|88|1501090|Kayu Aro|1501
1100|5|88|1501091|Gunung Tujuh|1501
1101|5|88|1501092|Kayu Aro Barat|1501
1102|5|89|1502010|Jangkat|1502
1103|5|89|1502011|Sungai Tenang|1502
1104|5|89|1502020|Muara Siau|1502
1105|5|89|1502021|Lembah Masurai|1502
1106|5|89|1502022|Tiang Pumpung|1502
1107|5|89|1502030|Pamenang|1502
1108|5|89|1502031|Pamenang Barat|1502
1109|5|89|1502032|Renah Pamenang|1502
1110|5|89|1502033|Pamenang Selatan|1502
1111|5|89|1502040|Bangko|1502
1112|5|89|1502041|Bangko Barat|1502
1113|5|89|1502042|Nalo Tantan|1502
1114|5|89|1502043|Batang Masumai|1502
1115|5|89|1502050|Sungai Manau|1502
1116|5|89|1502051|Renah Pembarap|1502
1117|5|89|1502052|Pangkalan Jambu|1502
1118|5|89|1502060|Tabir|1502
1119|5|89|1502061|Tabir Ulu|1502
1120|5|89|1502062|Tabir Selatan|1502
1121|5|89|1502063|Tabir Ilir|1502
1122|5|89|1502064|Tabir Timur|1502
1123|5|89|1502065|Tabir Lintas|1502
1124|5|89|1502066|Margo Tabir|1502
1125|5|89|1502067|Tabir Barat|1502
1126|5|90|1503010|Batang Asai|1503
1127|5|90|1503020|Limun|1503
1128|5|90|1503021|Cermin Nan Gedang|1503
1129|5|90|1503030|Pelawan|1503
1130|5|90|1503031|Singkut|1503
1131|5|90|1503040|Sarolangun|1503
1132|5|90|1503041|Bathin VIII|1503
1133|5|90|1503050|Pauh|1503
1134|5|90|1503051|Air Hitam|1503
1135|5|90|1503060|Mandiangin|1503
1136|5|91|1504010|Mersam|1504
1137|5|91|1504011|Maro Sebo Ulu|1504
1138|5|91|1504020|Batin XXIV|1504
1139|5|91|1504030|Muara Tembesi|1504
1140|5|91|1504040|Muara Bulian|1504
1141|5|91|1504041|Bajubang|1504
1142|5|91|1504042|Maro Sebo Ilir|1504
1143|5|91|1504050|Pemayung|1504
1144|5|92|1505010|Mestong|1505
1145|5|92|1505011|Sungai Bahar|1505
1146|5|92|1505012|Bahar Selatan|1505
1147|5|92|1505013|Bahar Utara|1505
1148|5|92|1505020|Kumpeh Ulu|1505
1149|5|92|1505021|Sungai Gelam|1505
1150|5|92|1505030|Kumpeh|1505
1151|5|92|1505040|Maro Sebo|1505
1152|5|92|1505041|Taman Rajo|1505
1153|5|92|1505050|Jambi Luar Kota|1505
1154|5|92|1505060|Sekernan|1505
1155|5|93|1506010|Mendahara|1506
1156|5|93|1506011|Mendahara Ulu|1506
1157|5|93|1506012|Geragai|1506
1158|5|93|1506020|Dendang|1506
1159|5|93|1506031|Muara Sabak Barat|1506
1160|5|93|1506032|Muara Sabak Timur|1506
1161|5|93|1506033|Kuala Jambi|1506
1162|5|93|1506040|Rantau Rasau|1506
1163|5|93|1506041|Berbak|1506
1164|5|93|1506050|Nipah Panjang|1506
1165|5|93|1506060|Sadu|1506
1166|5|94|1507010|Tungkal Ulu|1507
1167|5|94|1507011|Merlung|1507
1168|5|94|1507012|Batang Asam|1507
1169|5|94|1507013|Tebing Tinggi|1507
1170|5|94|1507014|Renah Mendaluh|1507
1171|5|94|1507015|Muara Papalik|1507
1172|5|94|1507020|Pengabuan|1507
1173|5|94|1507021|Senyerang|1507
1174|5|94|1507030|Tungkal Ilir|1507
1175|5|94|1507031|Bram Itam|1507
1176|5|94|1507032|Seberang Kota|1507
1177|5|94|1507040|Betara|1507
1178|5|94|1507041|Kuala Betara|1507
1179|5|95|1508010|Tebo Ilir|1508
1180|5|95|1508011|Muara Tabir|1508
1181|5|95|1508020|Tebo Tengah|1508
1182|5|95|1508021|Sumay|1508
1183|5|95|1508022|Tengah Ilir|1508
1184|5|95|1508030|Rimbo Bujang|1508
1185|5|95|1508031|Rimbo Ulu|1508
1186|5|95|1508032|Rimbo Ilir|1508
1187|5|95|1508040|Tebo Ulu|1508
1188|5|95|1508041|VII Koto|1508
1189|5|95|1508042|Serai Serumpun|1508
1190|5|95|1508043|VII Koto Ilir|1508
1191|5|96|1509010|Pelepat|1509
1192|5|96|1509011|Pelepat Ilir|1509
1193|5|96|1509021|Bathin II Babeko|1509
1194|5|96|1509022|Rimbo Tengah|1509
1195|5|96|1509023|Bungo Dani|1509
1196|5|96|1509024|Pasar Muara Bungo|1509
1197|5|96|1509025|Bathin III|1509
1198|5|96|1509030|Rantau Pandan|1509
1199|5|96|1509031|Muko-muko Bathin VII|1509
1200|5|96|1509032|Bathin III Ulu|1509
1201|5|96|1509040|Tanah Sepenggal|1509
1202|5|96|1509041|Tanah Sepenggal Lintas|1509
1203|5|96|1509050|Tanah Tumbuh|1509
1204|5|96|1509051|Limbur Lubuk Mengkuang|1509
1205|5|96|1509052|Bathin II Pelayang|1509
1206|5|96|1509060|Jujuhan|1509
1207|5|96|1509061|Jujuhan Ilir|1509
1208|5|97|1571010|Kota Baru|1571
1209|5|97|1571011|Alam Barajo|1571
1210|5|97|1571020|Jambi Selatan|1571
1211|5|97|1571021|Paal Merah|1571
1212|5|97|1571030|Jelutung|1571
1213|5|97|1571040|Pasar Jambi|1571
1214|5|97|1571050|Telanaipura|1571
1215|5|97|1571051|Danau Sipin|1571
1216|5|97|1571060|Danau Teluk|1571
1217|5|97|1571070|Pelayangan|1571
1218|5|97|1571080|Jambi Timur|1571
1219|5|98|1572010|Tanah Kampung|1572
1220|5|98|1572020|Kumun Debai|1572
1221|5|98|1572030|Sungai Penuh|1572
1222|5|98|1572031|Pondok Tinggi|1572
1223|5|98|1572032|Sungai Bungkal|1572
1224|5|98|1572040|Hamparan Rawang|1572
1225|5|98|1572050|Pesisir Bukit|1572
1226|5|98|1572051|Koto Baru|1572
1227|6|99|1601052|Lengkiti|1601
1228|6|99|1601070|Sosoh Buay Rayap|1601
1229|6|99|1601080|Pengandonan|1601
1230|6|99|1601081|Semidang Aji|1601
1231|6|99|1601082|Ulu Ogan|1601
1232|6|99|1601083|Muara Jaya|1601
1233|6|99|1601090|Peninjauan|1601
1234|6|99|1601091|Lubuk Batang|1601
1235|6|99|1601092|Sinar Peninjauan|1601
1236|6|99|1601093|Kedaton Peninjauan Raya|1601
1237|6|99|1601130|Batu Raja Timur|1601
1238|6|99|1601131|Lubuk Raja|1601
1239|6|99|1601140|Batu Raja Barat|1601
1240|6|100|1602010|Lempuing|1602
1241|6|100|1602011|Lempuing Jaya|1602
1242|6|100|1602020|Mesuji|1602
1243|6|100|1602021|Sungai Menang|1602
1244|6|100|1602022|Mesuji Makmur|1602
1245|6|100|1602023|Mesuji Raya|1602
1246|6|100|1602030|Tulung Selapan|1602
1247|6|100|1602031|Cengal|1602
1248|6|100|1602040|Pedamaran|1602
1249|6|100|1602041|Pedamaran Timur|1602
1250|6|100|1602050|Tanjung Lubuk|1602
1251|6|100|1602051|Teluk Gelam|1602
1252|6|100|1602060|Kota Kayu Agung|1602
1253|6|100|1602120|Sirah Pulau Padang|1602
1254|6|100|1602121|Jejawi|1602
1255|6|100|1602130|Pampangan|1602
1256|6|100|1602131|Pangkalan Lapam|1602
1257|6|100|1602140|Air Sugihan|1602
1258|6|101|1603010|Semendo Darat Laut|1603
1259|6|101|1603011|Semendo Darat Ulu|1603
1260|6|101|1603012|Semendo Darat Tengah|1603
1261|6|101|1603020|Tanjung Agung|1603
1262|6|101|1603031|Rambang|1603
1263|6|101|1603032|Lubai|1603
1264|6|101|1603033|Lubai Ulu|1603
1265|6|101|1603040|Lawang Kidul|1603
1266|6|101|1603050|Muara Enim|1603
1267|6|101|1603051|Ujan Mas|1603
1268|6|101|1603060|Gunung Megang|1603
1269|6|101|1603061|Benakat|1603
1270|6|101|1603062|Belimbing|1603
1271|6|101|1603070|Rambang Dangku|1603
1272|6|101|1603090|Gelumbang|1603
1273|6|101|1603091|Lembak|1603
1274|6|101|1603092|Sungai Rotan|1603
1275|6|101|1603093|Muara Belida|1603
1276|6|101|1603094|Kelekar|1603
1277|6|101|1603095|Belida Darat|1603
1278|6|102|1604011|Tanjung Sakti Pumi|1604
1279|6|102|1604012|Tanjung Sakti Pumu|1604
1280|6|102|1604040|Kota Agung|1604
1281|6|102|1604041|Mulak Ulu|1604
1282|6|102|1604042|Tanjung Tebat|1604
1283|6|102|1604043|Mulak Sebingkai|1604
1284|6|102|1604050|Pulau Pinang|1604
1285|6|102|1604051|Pagar Gunung|1604
1286|6|102|1604052|Gumay Ulu|1604
1287|6|102|1604060|Jarai|1604
1288|6|102|1604061|Pajar Bulan|1604
1289|6|102|1604062|Muara Payang|1604
1290|6|102|1604063|Sukamerindu|1604
1291|6|102|1604111|Kikim Barat|1604
1292|6|102|1604112|Kikim Timur|1604
1293|6|102|1604113|Kikim Selatan|1604
1294|6|102|1604114|Kikim Tengah|1604
1295|6|102|1604120|Lahat|1604
1296|6|102|1604121|Gumay Talang|1604
1297|6|102|1604122|Pseksu|1604
1298|6|102|1604123|Lahat Selatan|1604
1299|6|102|1604131|Merapi Barat|1604
1300|6|102|1604132|Merapi Timur|1604
1301|6|102|1604133|Merapi Selatan|1604
1302|6|103|1605030|Suku Tengah Lakitan Ulu|1605
1303|6|103|1605031|Selangit|1605
1304|6|103|1605032|Sumber Harta|1605
1305|6|103|1605040|Tugumulyo|1605
1306|6|103|1605041|Purwodadi|1605
1307|6|103|1605050|Muara Beliti|1605
1308|6|103|1605051|Tiang Pumpung Kepungut|1605
1309|6|103|1605060|Jayaloka|1605
1310|6|103|1605061|Suka Karya|1605
1311|6|103|1605070|Muara Kelingi|1605
1312|6|103|1605071|Bulang Tengah Suku Ulu|1605
1313|6|103|1605072|Tuah Negeri|1605
1314|6|103|1605080|Muara Lakitan|1605
1315|6|103|1605090|Megang Sakti|1605
1316|6|104|1606010|Sanga Desa|1606
1317|6|104|1606020|Babat Toman|1606
1318|6|104|1606021|Batanghari Leko|1606
1319|6|104|1606022|Plakat Tinggi|1606
1320|6|104|1606023|Lawang Wetan|1606
1321|6|104|1606030|Sungai Keruh|1606
1322|6|104|1606040|Sekayu|1606
1323|6|104|1606041|Lais|1606
1324|6|104|1606090|Sungai Lilin|1606
1325|6|104|1606091|Keluang|1606
1326|6|104|1606092|Babat Supat|1606
1327|6|104|1606100|Bayung Lencir|1606
1328|6|104|1606101|Lalan|1606
1329|6|104|1606102|Tungkal Jaya|1606
1330|6|105|1607010|Rantau Bayur|1607
1331|6|105|1607020|Betung|1607
1332|6|105|1607021|Suak Tapeh|1607
1333|6|105|1607030|Pulau Rimau|1607
1334|6|105|1607031|Tungkal Ilir|1607
1335|6|105|1607040|Banyuasin III|1607
1336|6|105|1607041|Sembawa|1607
1337|6|105|1607050|Talang Kelapa|1607
1338|6|105|1607051|Tanjung Lago|1607
1339|6|105|1607060|Banyuasin I|1607
1340|6|105|1607061|Air Kumbang|1607
1341|6|105|1607070|Rambutan|1607
1342|6|105|1607080|Muara Padang|1607
1343|6|105|1607081|Muara Sugihan|1607
1344|6|105|1607090|Makarti Jaya|1607
1345|6|105|1607091|Air Saleh|1607
1346|6|105|1607100|Banyuasin II|1607
1347|6|105|1607110|Muara Telang|1607
1348|6|105|1607111|Sumber Marga Telang|1607
1349|6|106|1608010|Mekakau Ilir|1608
1350|6|106|1608020|Banding Agung|1608
1351|6|106|1608021|Warkuk Ranau Selatan|1608
1352|6|106|1608022|Buay Pematang Ribu Ranau Tengah|1608
1353|6|106|1608030|Buay Pemaca|1608
1354|6|106|1608040|Simpang|1608
1355|6|106|1608041|Buana Pemaca|1608
1356|6|106|1608050|Muaradua|1608
1357|6|106|1608051|Buay Rawan|1608
1358|6|106|1608060|Buay Sandang Aji|1608
1359|6|106|1608061|Tiga Dihaji|1608
1360|6|106|1608070|Buay Runjung|1608
1361|6|106|1608071|Runjung Agung|1608
1362|6|106|1608080|Kisam Tinggi|1608
1363|6|106|1608090|Muaradua Kisam|1608
1364|6|106|1608091|Kisam Ilir|1608
1365|6|106|1608100|Pulau Beringin|1608
1366|6|106|1608101|Sindang Danau|1608
1367|6|106|1608102|Sungai Are|1608
1368|6|107|1609010|Martapura|1609
1369|6|107|1609011|Bunga Mayang|1609
1370|6|107|1609012|Jaya Pura|1609
1371|6|107|1609020|Buay Pemuka Peliung|1609
1372|6|107|1609030|Buay Madang|1609
1373|6|107|1609031|Buay Madang Timur|1609
1374|6|107|1609032|Buay Pemuka Bangsa Raja|1609
1375|6|107|1609040|Madang Suku II|1609
1376|6|107|1609041|Madang Suku III|1609
1377|6|107|1609050|Madang Suku I|1609
1378|6|107|1609051|Belitang Madang Raya|1609
1379|6|107|1609060|Belitang|1609
1380|6|107|1609061|Belitang Jaya|1609
1381|6|107|1609070|Belitang III|1609
1382|6|107|1609080|Belitang II|1609
1383|6|107|1609081|Belitang Mulya|1609
1384|6|107|1609090|Semendawai Suku III|1609
1385|6|107|1609091|Semendawai Timur|1609
1386|6|107|1609100|Cempaka|1609
1387|6|107|1609101|Semendawai Barat|1609
1388|6|108|1610010|Muara Kuang|1610
1389|6|108|1610011|Rambang Kuang|1610
1390|6|108|1610012|Lubuk Keliat|1610
1391|6|108|1610020|Tanjung Batu|1610
1392|6|108|1610021|Payaraman|1610
1393|6|108|1610030|Rantau Alai|1610
1394|6|108|1610031|Kandis|1610
1395|6|108|1610040|Tanjung Raja|1610
1396|6|108|1610041|Rantau Panjang|1610
1397|6|108|1610042|Sungai Pinang|1610
1398|6|108|1610050|Pemulutan|1610
1399|6|108|1610051|Pemulutan Selatan|1610
1400|6|108|1610052|Pemulutan Barat|1610
1401|6|108|1610060|Indralaya|1610
1402|6|108|1610061|Indralaya Utara|1610
1403|6|108|1610062|Indralaya Selatan|1610
1404|6|109|1611010|Muara Pinang|1611
1405|6|109|1611020|Lintang Kanan|1611
1406|6|109|1611030|Pendopo|1611
1407|6|109|1611031|Pendopo Barat|1611
1408|6|109|1611040|Pasemah Air Keruh|1611
1409|6|109|1611050|Ulu Musi|1611
1410|6|109|1611051|Sikap Dalam|1611
1411|6|109|1611060|Talang Padang|1611
1412|6|109|1611070|Tebing Tinggi|1611
1413|6|109|1611071|Saling|1611
1414|6|110|1612010|Talang Ubi|1612
1415|6|110|1612020|Tanah Abang|1612
1416|6|110|1612030|Abab|1612
1417|6|110|1612040|Penukal|1612
1418|6|110|1612050|Penukal Utara|1612
1419|6|111|1613010|Ulu Rawas|1613
1420|6|111|1613020|Karang Jaya|1613
1421|6|111|1613030|Rawas Ulu|1613
1422|6|111|1613040|Rupit|1613
1423|6|111|1613050|Karang Dapo|1613
1424|6|111|1613060|Rawas Ilir|1613
1425|6|111|1613070|Nibung|1613
1426|6|112|1671010|Ilir Barat II|1671
1427|6|112|1671011|Gandus|1671
1428|6|112|1671020|Seberang Ulu I|1671
1429|6|112|1671021|Kertapati|1671
1430|6|112|1671022|Jakabaring|1671
1431|6|112|1671030|Seberang Ulu II|1671
1432|6|112|1671031|Plaju|1671
1433|6|112|1671040|Ilir Barat I|1671
1434|6|112|1671041|Bukit Kecil|1671
1435|6|112|1671050|Ilir Timur I|1671
1436|6|112|1671051|Kemuning|1671
1437|6|112|1671060|Ilir Timur II|1671
1438|6|112|1671061|Kalidoni|1671
1439|6|112|1671062|Ilir Timur III|1671
1440|6|112|1671070|Sako|1671
1441|6|112|1671071|Sematang Borang|1671
1442|6|112|1671080|Sukarami|1671
1443|6|112|1671081|Alang Alang Lebar|1671
1444|6|113|1672010|Rambang Kapak Tengah|1672
1445|6|113|1672020|Prabumulih Timur|1672
1446|6|113|1672021|Prabumulih Selatan|1672
1447|6|113|1672030|Prabumulih Barat|1672
1448|6|113|1672031|Prabumulih Utara|1672
1449|6|113|1672040|Cambai|1672
1450|6|114|1673010|Dempo Selatan|1673
1451|6|114|1673011|Dempo Tengah|1673
1452|6|114|1673020|Dempo Utara|1673
1453|6|114|1673030|Pagar Alam Selatan|1673
1454|6|114|1673040|Pagar Alam Utara|1673
1455|6|115|1674011|Lubuk Linggau Barat I|1674
1456|6|115|1674012|Lubuk Linggau Barat II|1674
1457|6|115|1674021|Lubuk Linggau Selatan I|1674
1458|6|115|1674022|Lubuk Linggau Selatan II|1674
1459|6|115|1674031|Lubuk Linggau Timur I|1674
1460|6|115|1674032|Lubuk Linggau Timur II|1674
1461|6|115|1674041|Lubuk Linggau Utara I|1674
1462|6|115|1674042|Lubuk Linggau Utara II|1674
1463|7|116|1701040|Manna|1701
1464|7|116|1701041|Kota Manna|1701
1465|7|116|1701042|Kedurang|1701
1466|7|116|1701043|Bunga Mas|1701
1467|7|116|1701044|Pasar Manna|1701
1468|7|116|1701045|Kedurang Ilir|1701
1469|7|116|1701050|Seginim|1701
1470|7|116|1701051|Air Nipis|1701
1471|7|116|1701060|Pino|1701
1472|7|116|1701061|Pinoraya|1701
1473|7|116|1701062|Ulu Manna|1701
1474|7|117|1702020|Kota Padang|1702
1475|7|117|1702021|Sindang Beliti Ilir|1702
1476|7|117|1702030|Padang Ulak Tanding|1702
1477|7|117|1702031|Sindang Kelingi|1702
1478|7|117|1702032|Bindu Riang|1702
1479|7|117|1702033|Sindang Beliti Ulu|1702
1480|7|117|1702034|Sindang Dataran|1702
1481|7|117|1702040|Curup|1702
1482|7|117|1702041|Bermani Ulu|1702
1483|7|117|1702042|Selupu Rejang|1702
1484|7|117|1702043|Curup Selatan|1702
1485|7|117|1702044|Curup Tengah|1702
1486|7|117|1702045|Bermani Ulu Raya|1702
1487|7|117|1702046|Curup Utara|1702
1488|7|117|1702047|Curup Timur|1702
1489|7|118|1703010|Enggano|1703
1490|7|118|1703050|Kerkap|1703
1491|7|118|1703051|Air Napal|1703
1492|7|118|1703052|Air Besi|1703
1493|7|118|1703053|Hulu Palik|1703
1494|7|118|1703054|Tanjung Agung Palik|1703
1495|7|118|1703060|Arga Makmur|1703
1496|7|118|1703061|Arma Jaya|1703
1497|7|118|1703070|Lais|1703
1498|7|118|1703071|Batik Nau|1703
1499|7|118|1703072|Giri Mulya|1703
1500|7|118|1703073|Air Padang|1703
1501|7|118|1703080|Padang Jaya|1703
1502|7|118|1703090|Ketahun|1703
1503|7|118|1703091|Napal Putih|1703
1504|7|118|1703092|Ulok Kupai|1703
1505|7|118|1703093|Pinang Raya|1703
1506|7|118|1703100|Putri Hijau|1703
1507|7|118|1703101|Marga Sakti Sebelat|1703
1508|7|119|1704010|Nasal|1704
1509|7|119|1704020|Maje|1704
1510|7|119|1704030|Kaur Selatan|1704
1511|7|119|1704031|Tetap|1704
1512|7|119|1704040|Kaur Tengah|1704
1513|7|119|1704041|Luas|1704
1514|7|119|1704042|Muara Sahung|1704
1515|7|119|1704050|Kinal|1704
1516|7|119|1704051|Semidang Gumay|1704
1517|7|119|1704060|Tanjung Kemuning|1704
1518|7|119|1704061|Kelam Tengah|1704
1519|7|119|1704070|Kaur Utara|1704
1520|7|119|1704071|Padang Guci Hilir|1704
1521|7|119|1704072|Lungkang Kule|1704
1522|7|119|1704073|Padang Guci Hulu|1704
1523|7|120|1705010|Semidang Alas Maras|1705
1524|7|120|1705020|Semidang Alas|1705
1525|7|120|1705030|Talo|1705
1526|7|120|1705031|Ilir Talo|1705
1527|7|120|1705032|Talo Kecil|1705
1528|7|120|1705033|Ulu Talo|1705
1529|7|120|1705040|Seluma|1705
1530|7|120|1705041|Seluma Selatan|1705
1531|7|120|1705042|Seluma Barat|1705
1532|7|120|1705043|Seluma Timur|1705
1533|7|120|1705044|Seluma Utara|1705
1534|7|120|1705050|Sukaraja|1705
1535|7|120|1705051|Air Periukan|1705
1536|7|120|1705052|Lubuk Sandi|1705
1537|7|121|1706010|Ipuh|1706
1538|7|121|1706011|Air Rami|1706
1539|7|121|1706012|Malin Deman|1706
1540|7|121|1706020|Pondok Suguh|1706
1541|7|121|1706021|Sungai Rumbai|1706
1542|7|121|1706022|Teramang Jaya|1706
1543|7|121|1706030|Teras Terunjam|1706
1544|7|121|1706031|Penarik|1706
1545|7|121|1706032|Selagan Raya|1706
1546|7|121|1706040|Kota Mukomuko|1706
1547|7|121|1706041|Air Dikit|1706
1548|7|121|1706042|XIV Koto|1706
1549|7|121|1706050|Lubuk Pinang|1706
1550|7|121|1706051|Air Manjunto|1706
1551|7|121|1706052|V Koto|1706
1552|7|122|1707010|Rimbo Pengadang|1707
1553|7|122|1707011|Topos|1707
1554|7|122|1707020|Lebong Selatan|1707
1555|7|122|1707021|Bingin Kuning|1707
1556|7|122|1707030|Lebong Tengah|1707
1557|7|122|1707031|Lebong Sakti|1707
1558|7|122|1707040|Lebong Atas|1707
1559|7|122|1707042|Pelabai|1707
1560|7|122|1707050|Lebong Utara|1707
1561|7|122|1707051|Amen|1707
1562|7|122|1707052|Uram Jaya|1707
1563|7|122|1707053|Pinang Belapis|1707
1564|7|123|1708010|Muara Kemumu|1708
1565|7|123|1708020|Bermani Ilir|1708
1566|7|123|1708030|Seberang Musi|1708
1567|7|123|1708040|Tebat Karai|1708
1568|7|123|1708050|Kepahiang|1708
1569|7|123|1708060|Kaba Wetan|1708
1570|7|123|1708070|Ujan Mas|1708
1571|7|123|1708080|Merigi|1708
1572|7|124|1709010|Talang Empat|1709
1573|7|124|1709020|Karang Tinggi|1709
1574|7|124|1709030|Taba Penanjung|1709
1575|7|124|1709031|Merigi Kelindang|1709
1576|7|124|1709040|Pagar Jati|1709
1577|7|124|1709041|Merigi Sakti|1709
1578|7|124|1709050|Pondok Kelapa|1709
1579|7|124|1709051|Pondok Kubang|1709
1580|7|124|1709060|Pematang Tiga|1709
1581|7|124|1709061|Bang Haji|1709
1582|7|125|1771010|Selebar|1771
1583|7|125|1771011|Kampung Melayu|1771
1584|7|125|1771020|Gading Cempaka|1771
1585|7|125|1771021|Ratu Agung|1771
1586|7|125|1771022|Ratu Samban|1771
1587|7|125|1771023|Singaran Pati|1771
1588|7|125|1771030|Teluk Segara|1771
1589|7|125|1771031|Sungai Serut|1771
1590|7|125|1771040|Muara Bangka Hulu|1771
1591|8|126|1801040|Balik Bukit|1801
1592|8|126|1801041|Sukau|1801
1593|8|126|1801042|Lumbok Seminung|1801
1594|8|126|1801050|Belalau|1801
1595|8|126|1801051|Sekincau|1801
1596|8|126|1801052|Suoh|1801
1597|8|126|1801053|Batu Brak|1801
1598|8|126|1801054|Pagar Dewa|1801
1599|8|126|1801055|Batu Ketulis|1801
1600|8|126|1801056|Bandar Negeri Suoh|1801
1601|8|126|1801060|Sumber Jaya|1801
1602|8|126|1801061|Way Tenong|1801
1603|8|126|1801062|Gedung Surian|1801
1604|8|126|1801063|Kebun Tebu|1801
1605|8|126|1801064|Air Hitam|1801
1606|8|127|1802010|Wonosobo|1802
1607|8|127|1802011|Semaka|1802
1608|8|127|1802012|Bandar Negeri Semuong|1802
1609|8|127|1802020|Kota Agung|1802
1610|8|127|1802021|Pematang Sawa|1802
1611|8|127|1802022|Kota Agung Timur|1802
1612|8|127|1802023|Kota Agung Barat|1802
1613|8|127|1802030|Pulau Panggung|1802
1614|8|127|1802031|Ulubelu|1802
1615|8|127|1802032|Air Naningan|1802
1616|8|127|1802040|Talang Padang|1802
1617|8|127|1802041|Sumberejo|1802
1618|8|127|1802042|Gisting|1802
1619|8|127|1802043|Gunung Alip|1802
1620|8|127|1802050|Pugung|1802
1621|8|127|1802101|Bulok|1802
1622|8|127|1802110|Cukuh Balak|1802
1623|8|127|1802111|Kelumbayan|1802
1624|8|127|1802112|Limau|1802
1625|8|127|1802113|Kelumbayan Barat|1802
1626|8|128|1803060|Natar|1803
1627|8|128|1803070|Jati Agung|1803
1628|8|128|1803080|Tanjung Bintang|1803
1629|8|128|1803081|Tanjung Sari|1803
1630|8|128|1803090|Katibung|1803
1631|8|128|1803091|Merbau Mataram|1803
1632|8|128|1803092|Way Sulan|1803
1633|8|128|1803100|Sidomulyo|1803
1634|8|128|1803101|Candipuro|1803
1635|8|128|1803102|Way Panji|1803
1636|8|128|1803110|Kalianda|1803
1637|8|128|1803111|Rajabasa|1803
1638|8|128|1803120|Palas|1803
1639|8|128|1803121|Sragi|1803
1640|8|128|1803130|Penengahan|1803
1641|8|128|1803131|Ketapang|1803
1642|8|128|1803132|Bakauheni|1803
1643|8|129|1804010|Metro Kibang|1804
1644|8|129|1804020|Batanghari|1804
1645|8|129|1804030|Sekampung|1804
1646|8|129|1804040|Margatiga|1804
1647|8|129|1804050|Sekampung Udik|1804
1648|8|129|1804060|Jabung|1804
1649|8|129|1804061|Pasir Sakti|1804
1650|8|129|1804062|Waway Karya|1804
1651|8|129|1804063|Marga Sekampung|1804
1652|8|129|1804070|Labuhan Maringgai|1804
1653|8|129|1804071|Mataram Baru|1804
1654|8|129|1804072|Bandar Sribawono|1804
1655|8|129|1804073|Melinting|1804
1656|8|129|1804074|Gunung Pelindung|1804
1657|8|129|1804080|Way Jepara|1804
1658|8|129|1804081|Braja Slebah|1804
1659|8|129|1804082|Labuhan Ratu|1804
1660|8|129|1804090|Sukadana|1804
1661|8|129|1804091|Bumi Agung|1804
1662|8|129|1804092|Batanghari Nuban|1804
1663|8|129|1804100|Pekalongan|1804
1664|8|129|1804110|Raman Utara|1804
1665|8|129|1804120|Purbolinggo|1804
1666|8|129|1804121|Way Bungur|1804
1667|8|130|1805010|Padang Ratu|1805
1668|8|130|1805011|Selagai Lingga|1805
1669|8|130|1805012|Pubian|1805
1670|8|130|1805013|Anak Tuha|1805
1671|8|130|1805014|Anak Ratu Aji|1805
1672|8|130|1805020|Kalirejo|1805
1673|8|130|1805021|Sendang Agung|1805
1674|8|130|1805030|Bangunrejo|1805
1675|8|130|1805040|Gunung Sugih|1805
1676|8|130|1805041|Bekri|1805
1677|8|130|1805042|Bumi Ratu Nuban|1805
1678|8|130|1805050|Trimurjo|1805
1679|8|130|1805060|Punggur|1805
1680|8|130|1805061|Kota Gajah|1805
1681|8|130|1805070|Seputih Raman|1805
1682|8|130|1805080|Terbanggi Besar|1805
1683|8|130|1805081|Seputih Agung|1805
1684|8|130|1805082|Way Pengubuan|1805
1685|8|130|1805090|Terusan Nunyai|1805
1686|8|130|1805100|Seputih Mataram|1805
1687|8|130|1805101|Bandar Mataram|1805
1688|8|130|1805110|Seputih Banyak|1805
1689|8|130|1805111|Way Seputih|1805
1690|8|130|1805120|Rumbia|1805
1691|8|130|1805121|Bumi Nabung|1805
1692|8|130|1805122|Putra Rumbia|1805
1693|8|130|1805130|Seputih Surabaya|1805
1694|8|130|1805131|Bandar Surabaya|1805
1695|8|131|1806010|Bukit Kemuning|1806
1696|8|131|1806011|Abung Tinggi|1806
1697|8|131|1806020|Tanjung Raja|1806
1698|8|131|1806030|Abung Barat|1806
1699|8|131|1806031|Abung Tengah|1806
1700|8|131|1806032|Abung  Kunang|1806
1701|8|131|1806033|Abung Pekurun|1806
1702|8|131|1806040|Kotabumi|1806
1703|8|131|1806041|Kotabumi Utara|1806
1704|8|131|1806042|Kotabumi Selatan|1806
1705|8|131|1806050|Abung Selatan|1806
1706|8|131|1806051|Abung Semuli|1806
1707|8|131|1806052|Blambangan Pagar|1806
1708|8|131|1806060|Abung Timur|1806
1709|8|131|1806061|Abung Surakarta|1806
1710|8|131|1806070|Sungkai Selatan|1806
1711|8|131|1806071|Muara Sungkai|1806
1712|8|131|1806072|Bunga Mayang|1806
1713|8|131|1806073|Sungkai  Barat|1806
1714|8|131|1806074|Sungkai Jaya|1806
1715|8|131|1806080|Sungkai Utara|1806
1716|8|131|1806081|Hulusungkai|1806
1717|8|131|1806082|Sungkai Tengah|1806
1718|8|132|1807010|Banjit|1807
1719|8|132|1807020|Baradatu|1807
1720|8|132|1807021|Gunung Labuhan|1807
1721|8|132|1807030|Kasui|1807
1722|8|132|1807031|Rebang Tangkas|1807
1723|8|132|1807040|Blambangan Umpu|1807
1724|8|132|1807041|Way Tuba|1807
1725|8|132|1807042|Negeri Agung|1807
1726|8|132|1807050|Bahuga|1807
1727|8|132|1807051|Buay  Bahuga|1807
1728|8|132|1807052|Bumi Agung|1807
1729|8|132|1807060|Pakuan Ratu|1807
1730|8|132|1807061|Negara Batin|1807
1731|8|132|1807062|Negeri Besar|1807
1732|8|133|1808030|Banjar Agung|1808
1733|8|133|1808031|Banjar Margo|1808
1734|8|133|1808032|Banjar Baru|1808
1735|8|133|1808040|Gedung Aji|1808
1736|8|133|1808041|Penawar Aji|1808
1737|8|133|1808042|Meraksa Aji|1808
1738|8|133|1808050|Menggala|1808
1739|8|133|1808051|Penawar Tama|1808
1740|8|133|1808052|Rawajitu Selatan|1808
1741|8|133|1808053|Gedung Meneng|1808
1742|8|133|1808054|Rawajitu Timur|1808
1743|8|133|1808055|Rawa Pitu|1808
1744|8|133|1808056|Gedung Aji Baru|1808
1745|8|133|1808057|Dente Teladas|1808
1746|8|133|1808058|Menggala Timur|1808
1747|8|134|1809010|Punduh Pidada|1809
1748|8|134|1809011|Marga Punduh|1809
1749|8|134|1809020|Padang Cermin|1809
1750|8|134|1809021|Teluk Pandan|1809
1751|8|134|1809022|Way Ratai|1809
1752|8|134|1809030|Kedondong|1809
1753|8|134|1809031|Way Khilau|1809
1754|8|134|1809040|Way Lima|1809
1755|8|134|1809050|Gedung Tataan|1809
1756|8|134|1809060|Negeri Katon|1809
1757|8|134|1809070|Tegineneng|1809
1758|8|135|1810010|Pardasuka|1810
1759|8|135|1810020|Ambarawa|1810
1760|8|135|1810030|Pagelaran|1810
1761|8|135|1810031|Pagelaran Utara|1810
1762|8|135|1810040|Pringsewu|1810
1763|8|135|1810050|Gading Rejo|1810
1764|8|135|1810060|Sukoharjo|1810
1765|8|135|1810070|Banyumas|1810
1766|8|135|1810080|Adi Luwih|1810
1767|8|136|1811010|Way Serdang|1811
1768|8|136|1811020|Simpang Pematang|1811
1769|8|136|1811030|Panca Jaya|1811
1770|8|136|1811040|Tanjung Raya|1811
1771|8|136|1811050|Mesuji|1811
1772|8|136|1811060|Mesuji Timur|1811
1773|8|136|1811070|Rawajitu Utara|1811
1774|8|137|1812010|Tulang Bawang Udik|1812
1775|8|137|1812020|Tumi Jajar|1812
1776|8|137|1812030|Tulang Bawang Tengah|1812
1777|8|137|1812040|Pagar Dewa|1812
1778|8|137|1812050|Lambu Kibang|1812
1779|8|137|1812060|Gunung Terang|1812
1780|8|137|1812061|Batu Putih|1812
1781|8|137|1812070|Gunung Agung|1812
1782|8|137|1812080|Way Kenanga|1812
1783|8|138|1813010|Lemong|1813
1784|8|138|1813020|Pesisir Utara|1813
1785|8|138|1813030|Pulau Pisang|1813
1786|8|138|1813040|Karya Penggawa|1813
1787|8|138|1813050|Way Krui|1813
1788|8|138|1813060|Pesisir Tengah|1813
1789|8|138|1813070|Krui Selatan|1813
1790|8|138|1813080|Pesisir Selatan|1813
1791|8|138|1813090|Ngambur|1813
1792|8|138|1813100|Bengkunat|1813
1793|8|138|1813110|Bengkunat Belimbing|1813
1794|8|139|1871010|Teluk Betung Barat|1871
1795|8|139|1871011|Telukbetung Timur|1871
1796|8|139|1871020|Teluk Betung Selatan|1871
1797|8|139|1871021|Bumi Waras|1871
1798|8|139|1871030|Panjang|1871
1799|8|139|1871040|Tanjung Karang Timur|1871
1800|8|139|1871041|Kedamaian|1871
1801|8|139|1871050|Teluk Betung Utara|1871
1802|8|139|1871060|Tanjung Karang Pusat|1871
1803|8|139|1871061|Enggal|1871
1804|8|139|1871070|Tanjung Karang Barat|1871
1805|8|139|1871071|Kemiling|1871
1806|8|139|1871072|Langkapura|1871
1807|8|139|1871080|Kedaton|1871
1808|8|139|1871081|Rajabasa|1871
1809|8|139|1871082|Tanjung Senang|1871
1810|8|139|1871083|Labuhan Ratu|1871
1811|8|139|1871090|Sukarame|1871
1812|8|139|1871091|Sukabumi|1871
1813|8|139|1871092|Way Halim|1871
1814|8|140|1872011|Metro Selatan|1872
1815|8|140|1872012|Metro Barat|1872
1816|8|140|1872021|Metro Timur|1872
1817|8|140|1872022|Metro Pusat|1872
1818|8|140|1872023|Metro Utara|1872
1819|9|141|1901070|Mendo Barat|1901
1820|9|141|1901080|Merawang|1901
1821|9|141|1901081|Puding Besar|1901
1822|9|141|1901090|Sungai Liat|1901
1823|9|141|1901091|Pemali|1901
1824|9|141|1901092|Bakam|1901
1825|9|141|1901130|Belinyu|1901
1826|9|141|1901131|Riau Silip|1901
1827|9|142|1902010|Membalong|1902
1828|9|142|1902060|Tanjung Pandan|1902
1829|9|142|1902061|Badau|1902
1830|9|142|1902062|Sijuk|1902
1831|9|142|1902063|Selat Nasik|1902
1832|9|143|1903010|Kelapa|1903
1833|9|143|1903020|Tempilang|1903
1834|9|143|1903030|Mentok|1903
1835|9|143|1903040|Simpang Teritip|1903
1836|9|143|1903050|Jebus|1903
1837|9|143|1903051|Parittiga|1903
1838|9|144|1904010|Koba|1904
1839|9|144|1904011|Lubuk Besar|1904
1840|9|144|1904020|Pangkalan Baru|1904
1841|9|144|1904021|Namang|1904
1842|9|144|1904030|Sungai Selan|1904
1843|9|144|1904040|Simpang Katis|1904
1844|9|145|1905010|Payung|1905
1845|9|145|1905011|Pulau Besar|1905
1846|9|145|1905020|Simpang Rimba|1905
1847|9|145|1905030|Toboali|1905
1848|9|145|1905031|Tukak Sadai|1905
1849|9|145|1905040|Air Gegas|1905
1850|9|145|1905050|Lepar Pongok|1905
1851|9|145|1905051|Kepulauan Pongok|1905
1852|9|146|1906010|Dendang|1906
1853|9|146|1906011|Simpang Pesak|1906
1854|9|146|1906020|Gantung|1906
1855|9|146|1906021|Simpang Renggiang|1906
1856|9|146|1906030|Manggar|1906
1857|9|146|1906031|Damar|1906
1858|9|146|1906040|Kelapa Kampit|1906
1859|9|147|1971010|Rangkui|1971
1860|9|147|1971020|Bukit Intan|1971
1861|9|147|1971021|Girimaya|1971
1862|9|147|1971030|Pangkal Balam|1971
1863|9|147|1971031|Gabek|1971
1864|9|147|1971040|Taman Sari|1971
1865|9|147|1971041|Gerunggang|1971
1866|10|148|2101010|Moro|2101
1867|10|148|2101011|Durai|2101
1868|10|148|2101020|Kundur|2101
1869|10|148|2101021|Kundur Utara|2101
1870|10|148|2101022|Kundur Barat|2101
1871|10|148|2101023|Ungar|2101
1872|10|148|2101024|Belat|2101
1873|10|148|2101030|Karimun|2101
1874|10|148|2101031|Buru|2101
1875|10|148|2101032|Meral|2101
1876|10|148|2101033|Tebing|2101
1877|10|148|2101034|Meral Barat|2101
1878|10|149|2102040|Teluk Bintan|2102
1879|10|149|2102050|Bintan Utara|2102
1880|10|149|2102051|Teluk Sebong|2102
1881|10|149|2102052|Seri Kuala Lobam|2102
1882|10|149|2102060|Bintan Timur|2102
1883|10|149|2102061|Gunung Kijang|2102
1884|10|149|2102062|Mantang|2102
1885|10|149|2102063|Bintan Pesisir|2102
1886|10|149|2102064|Toapaya|2102
1887|10|149|2102070|Tambelan|2102
1888|10|150|2103030|Midai|2103
1889|10|150|2103031|Suak Midai|2103
1890|10|150|2103040|Bunguran Barat|2103
1891|10|150|2103041|Bunguran Utara|2103
1892|10|150|2103042|Pulau Laut|2103
1893|10|150|2103043|Pulau Tiga|2103
1894|10|150|2103044|Bunguran Batubi|2103
1895|10|150|2103045|Pulau Tiga Barat|2103
1896|10|150|2103050|Bunguran Timur|2103
1897|10|150|2103051|Bunguran Timur Laut|2103
1898|10|150|2103052|Bunguran Tengah|2103
1899|10|150|2103053|Bunguran Selatan|2103
1900|10|150|2103060|Serasan|2103
1901|10|150|2103061|Subi|2103
1902|10|150|2103062|Serasan Timur|2103
1903|10|151|2104010|Singkep Barat|2104
1904|10|151|2104011|Kepulauan Posek|2104
1905|10|151|2104020|Singkep|2104
1906|10|151|2104021|Singkep Selatan|2104
1907|10|151|2104022|Singkep Pesisir|2104
1908|10|151|2104030|Lingga|2104
1909|10|151|2104031|Selayar|2104
1910|10|151|2104032|Lingga Timur|2104
1911|10|151|2104040|Lingga Utara|2104
1912|10|151|2104050|Senayang|2104
1913|10|152|2105010|Jemaja|2105
1914|10|152|2105020|Jemaja Timur|2105
1915|10|152|2105030|Siantan Selatan|2105
1916|10|152|2105040|Siantan|2105
1917|10|152|2105050|Siantan Timur|2105
1918|10|152|2105060|Siantan Tengah|2105
1919|10|152|2105070|Palmatak|2105
1920|10|153|2171010|Belakang Padang|2171
1921|10|153|2171020|Bulang|2171
1922|10|153|2171030|Galang|2171
1923|10|153|2171040|Sei Beduk|2171
1924|10|153|2171041|Sagulung|2171
1925|10|153|2171050|Nongsa|2171
1926|10|153|2171051|Batam Kota|2171
1927|10|153|2171060|Sekupang|2171
1928|10|153|2171061|Batu Aji|2171
1929|10|153|2171070|Lubuk Baja|2171
1930|10|153|2171080|Batu Ampar|2171
1931|10|153|2171081|Bengkong|2171
1932|10|154|2172010|Bukit Bestari|2172
1933|10|154|2172020|Tanjungpinang Timur|2172
1934|10|154|2172030|Tanjungpinang Kota|2172
1935|10|154|2172040|Tanjungpinang Barat|2172
1936|11|155|3101010|Kepulauan Seribu Selatan|3101
1937|11|155|3101020|Kepulauan Seribu Utara|3101
1938|11|156|3171010|Jagakarsa|3171
1939|11|156|3171020|Pasar Minggu|3171
1940|11|156|3171030|Cilandak|3171
1941|11|156|3171040|Pesanggrahan|3171
1942|11|156|3171050|Kebayoran Lama|3171
1943|11|156|3171060|Kebayoran Baru|3171
1944|11|156|3171070|Mampang Prapatan|3171
1945|11|156|3171080|Pancoran|3171
1946|11|156|3171090|Tebet|3171
1947|11|156|3171100|Setia Budi|3171
1948|11|157|3172010|Pasar Rebo|3172
1949|11|157|3172020|Ciracas|3172
1950|11|157|3172030|Cipayung|3172
1951|11|157|3172040|Makasar|3172
1952|11|157|3172050|Kramat Jati|3172
1953|11|157|3172060|Jatinegara|3172
1954|11|157|3172070|Duren Sawit|3172
1955|11|157|3172080|Cakung|3172
1956|11|157|3172090|Pulo Gadung|3172
1957|11|157|3172100|Matraman|3172
1958|11|158|3173010|Tanah Abang|3173
1959|11|158|3173020|Menteng|3173
1960|11|158|3173030|Senen|3173
1961|11|158|3173040|Johar Baru|3173
1962|11|158|3173050|Cempaka Putih|3173
1963|11|158|3173060|Kemayoran|3173
1964|11|158|3173070|Sawah Besar|3173
1965|11|158|3173080|Gambir|3173
1966|11|159|3174010|Kembangan|3174
1967|11|159|3174020|Kebon Jeruk|3174
1968|11|159|3174030|Palmerah|3174
1969|11|159|3174040|Grogol Petamburan|3174
1970|11|159|3174050|Tambora|3174
1971|11|159|3174060|Taman Sari|3174
1972|11|159|3174070|Cengkareng|3174
1973|11|159|3174080|Kali Deres|3174
1974|11|160|3175010|Penjaringan|3175
1975|11|160|3175020|Pademangan|3175
1976|11|160|3175030|Tanjung Priok|3175
1977|11|160|3175040|Koja|3175
1978|11|160|3175050|Kelapa Gading|3175
1979|11|160|3175060|Cilincing|3175
1980|12|161|3201010|Nanggung|3201
1981|12|161|3201020|Leuwiliang|3201
1982|12|161|3201021|Leuwisadeng|3201
1983|12|161|3201030|Pamijahan|3201
1984|12|161|3201040|Cibungbulang|3201
1985|12|161|3201050|Ciampea|3201
1986|12|161|3201051|Tenjolaya|3201
1987|12|161|3201060|Dramaga|3201
1988|12|161|3201070|Ciomas|3201
1989|12|161|3201071|Tamansari|3201
1990|12|161|3201080|Cijeruk|3201
1991|12|161|3201081|Cigombong|3201
1992|12|161|3201090|Caringin|3201
1993|12|161|3201100|Ciawi|3201
1994|12|161|3201110|Cisarua|3201
1995|12|161|3201120|Megamendung|3201
1996|12|161|3201130|Sukaraja|3201
1997|12|161|3201140|Babakan Madang|3201
1998|12|161|3201150|Sukamakmur|3201
1999|12|161|3201160|Cariu|3201
2000|12|161|3201161|Tanjungsari|3201
2001|12|161|3201170|Jonggol|3201
2002|12|161|3201180|Cileungsi|3201
2003|12|161|3201181|Kelapa Nunggal|3201
2004|12|161|3201190|Gunung Putri|3201
2005|12|161|3201200|Citeureup|3201
2006|12|161|3201210|Cibinong|3201
2007|12|161|3201220|Bojong Gede|3201
2008|12|161|3201221|Tajur Halang|3201
2009|12|161|3201230|Kemang|3201
2010|12|161|3201231|Ranca Bungur|3201
2011|12|161|3201240|Parung|3201
2012|12|161|3201241|Ciseeng|3201
2013|12|161|3201250|Gunung Sindur|3201
2014|12|161|3201260|Rumpin|3201
2015|12|161|3201270|Cigudeg|3201
2016|12|161|3201271|Sukajaya|3201
2017|12|161|3201280|Jasinga|3201
2018|12|161|3201290|Tenjo|3201
2019|12|161|3201300|Parung Panjang|3201
2020|12|162|3202010|Ciemas|3202
2021|12|162|3202020|Ciracap|3202
2022|12|162|3202021|Waluran|3202
2023|12|162|3202030|Surade|3202
2024|12|162|3202031|Cibitung|3202
2025|12|162|3202040|Jampang Kulon|3202
2026|12|162|3202041|Cimanggu|3202
2027|12|162|3202050|Kali Bunder|3202
2028|12|162|3202060|Tegal Buleud|3202
2029|12|162|3202070|Cidolog|3202
2030|12|162|3202080|Sagaranten|3202
2031|12|162|3202081|Cidadap|3202
2032|12|162|3202082|Curugkembar|3202
2033|12|162|3202090|Pabuaran|3202
2034|12|162|3202100|Lengkong|3202
2035|12|162|3202110|Palabuhanratu|3202
2036|12|162|3202111|Simpenan|3202
2037|12|162|3202120|Warung Kiara|3202
2038|12|162|3202121|Bantargadung|3202
2039|12|162|3202130|Jampang Tengah|3202
2040|12|162|3202131|Purabaya|3202
2041|12|162|3202140|Cikembar|3202
2042|12|162|3202150|Nyalindung|3202
2043|12|162|3202160|Geger Bitung|3202
2044|12|162|3202170|Sukaraja|3202
2045|12|162|3202171|Kebonpedes|3202
2046|12|162|3202172|Cireunghas|3202
2047|12|162|3202173|Sukalarang|3202
2048|12|162|3202180|Sukabumi|3202
2049|12|162|3202190|Kadudampit|3202
2050|12|162|3202200|Cisaat|3202
2051|12|162|3202201|Gunungguruh|3202
2052|12|162|3202210|Cibadak|3202
2053|12|162|3202211|Cicantayan|3202
2054|12|162|3202212|Caringin|3202
2055|12|162|3202220|Nagrak|3202
2056|12|162|3202221|Ciambar|3202
2057|12|162|3202230|Cicurug|3202
2058|12|162|3202240|Cidahu|3202
2059|12|162|3202250|Parakan Salak|3202
2060|12|162|3202260|Parung Kuda|3202
2061|12|162|3202261|Bojong Genteng|3202
2062|12|162|3202270|Kalapa Nunggal|3202
2063|12|162|3202280|Cikidang|3202
2064|12|162|3202290|Cisolok|3202
2065|12|162|3202291|Cikakak|3202
2066|12|162|3202300|Kabandungan|3202
2067|12|163|3203010|Agrabinta|3203
2068|12|163|3203011|Leles|3203
2069|12|163|3203020|Sindangbarang|3203
2070|12|163|3203030|Cidaun|3203
2071|12|163|3203040|Naringgul|3203
2072|12|163|3203050|Cibinong|3203
2073|12|163|3203051|Cikadu|3203
2074|12|163|3203060|Tanggeung|3203
2075|12|163|3203061|Pasirkuda|3203
2076|12|163|3203070|Kadupandak|3203
2077|12|163|3203071|Cijati|3203
2078|12|163|3203080|Takokak|3203
2079|12|163|3203090|Sukanagara|3203
2080|12|163|3203100|Pagelaran|3203
2081|12|163|3203110|Campaka|3203
2082|12|163|3203111|Campaka Mulya|3203
2083|12|163|3203120|Cibeber|3203
2084|12|163|3203130|Warungkondang|3203
2085|12|163|3203131|Gekbrong|3203
2086|12|163|3203140|Cilaku|3203
2087|12|163|3203150|Sukaluyu|3203
2088|12|163|3203160|Bojongpicung|3203
2089|12|163|3203161|Haurwangi|3203
2090|12|163|3203170|Ciranjang|3203
2091|12|163|3203180|Mande|3203
2092|12|163|3203190|Karangtengah|3203
2093|12|163|3203200|Cianjur|3203
2094|12|163|3203210|Cugenang|3203
2095|12|163|3203220|Pacet|3203
2096|12|163|3203221|Cipanas|3203
2097|12|163|3203230|Sukaresmi|3203
2098|12|163|3203240|Cikalongkulon|3203
2099|12|164|3204010|Ciwidey|3204
2100|12|164|3204011|Rancabali|3204
2101|12|164|3204020|Pasirjambu|3204
2102|12|164|3204030|Cimaung|3204
2103|12|164|3204040|Pangalengan|3204
2104|12|164|3204050|Kertasari|3204
2105|12|164|3204060|Pacet|3204
2106|12|164|3204070|Ibun|3204
2107|12|164|3204080|Paseh|3204
2108|12|164|3204090|Cikancung|3204
2109|12|164|3204100|Cicalengka|3204
2110|12|164|3204101|Nagreg|3204
2111|12|164|3204110|Rancaekek|3204
2112|12|164|3204120|Majalaya|3204
2113|12|164|3204121|Solokan Jeruk|3204
2114|12|164|3204130|Ciparay|3204
2115|12|164|3204140|Baleendah|3204
2116|12|164|3204150|Arjasari|3204
2117|12|164|3204160|Banjaran|3204
2118|12|164|3204161|Cangkuang|3204
2119|12|164|3204170|Pameungpeuk|3204
2120|12|164|3204180|Katapang|3204
2121|12|164|3204190|Soreang|3204
2122|12|164|3204191|Kutawaringin|3204
2123|12|164|3204250|Margaasih|3204
2124|12|164|3204260|Margahayu|3204
2125|12|164|3204270|Dayeuhkolot|3204
2126|12|164|3204280|Bojongsoang|3204
2127|12|164|3204290|Cileunyi|3204
2128|12|164|3204300|Cilengkrang|3204
2129|12|164|3204310|Cimenyan|3204
2130|12|165|3205010|Cisewu|3205
2131|12|165|3205011|Caringin|3205
2132|12|165|3205020|Talegong|3205
2133|12|165|3205030|Bungbulang|3205
2134|12|165|3205031|Mekarmukti|3205
2135|12|165|3205040|Pamulihan|3205
2136|12|165|3205050|Pakenjeng|3205
2137|12|165|3205060|Cikelet|3205
2138|12|165|3205070|Pameungpeuk|3205
2139|12|165|3205080|Cibalong|3205
2140|12|165|3205090|Cisompet|3205
2141|12|165|3205100|Peundeuy|3205
2142|12|165|3205110|Singajaya|3205
2143|12|165|3205111|Cihurip|3205
2144|12|165|3205120|Cikajang|3205
2145|12|165|3205130|Banjarwangi|3205
2146|12|165|3205140|Cilawu|3205
2147|12|165|3205150|Bayongbong|3205
2148|12|165|3205151|Cigedug|3205
2149|12|165|3205160|Cisurupan|3205
2150|12|165|3205161|Sukaresmi|3205
2151|12|165|3205170|Samarang|3205
2152|12|165|3205171|Pasirwangi|3205
2153|12|165|3205181|Tarogong Kidul|3205
2154|12|165|3205182|Tarogong Kaler|3205
2155|12|165|3205190|Garut Kota|3205
2156|12|165|3205200|Karangpawitan|3205
2157|12|165|3205210|Wanaraja|3205
2158|12|165|3205211|Sucinaraja|3205
2159|12|165|3205212|Pangatikan|3205
2160|12|165|3205220|Sukawening|3205
2161|12|165|3205221|Karangtengah|3205
2162|12|165|3205230|Banyuresmi|3205
2163|12|165|3205240|Leles|3205
2164|12|165|3205250|Leuwigoong|3205
2165|12|165|3205260|Cibatu|3205
2166|12|165|3205261|Kersamanah|3205
2167|12|165|3205270|Cibiuk|3205
2168|12|165|3205280|Kadungora|3205
2169|12|165|3205290|Blubur Limbangan|3205
2170|12|165|3205300|Selaawi|3205
2171|12|165|3205310|Malangbong|3205
2172|12|166|3206010|Cipatujah|3206
2173|12|166|3206020|Karangnunggal|3206
2174|12|166|3206030|Cikalong|3206
2175|12|166|3206040|Pancatengah|3206
2176|12|166|3206050|Cikatomas|3206
2177|12|166|3206060|Cibalong|3206
2178|12|166|3206061|Parungponteng|3206
2179|12|166|3206070|Bantarkalong|3206
2180|12|166|3206071|Bojongasih|3206
2181|12|166|3206072|Culamega|3206
2182|12|166|3206080|Bojonggambir|3206
2183|12|166|3206090|Sodonghilir|3206
2184|12|166|3206100|Taraju|3206
2185|12|166|3206110|Salawu|3206
2186|12|166|3206111|Puspahiang|3206
2187|12|166|3206120|Tanjungjaya|3206
2188|12|166|3206130|Sukaraja|3206
2189|12|166|3206140|Salopa|3206
2190|12|166|3206141|Jatiwaras|3206
2191|12|166|3206150|Cineam|3206
2192|12|166|3206151|Karangjaya|3206
2193|12|166|3206160|Manonjaya|3206
2194|12|166|3206161|Gunungtanjung|3206
2195|12|166|3206190|Singaparna|3206
2196|12|166|3206191|Sukarame|3206
2197|12|166|3206192|Mangunreja|3206
2198|12|166|3206200|Cigalontang|3206
2199|12|166|3206210|Leuwisari|3206
2200|12|166|3206211|Sariwangi|3206
2201|12|166|3206212|Padakembang|3206
2202|12|166|3206221|Sukaratu|3206
2203|12|166|3206230|Cisayong|3206
2204|12|166|3206231|Sukahening|3206
2205|12|166|3206240|Rajapolah|3206
2206|12|166|3206250|Jamanis|3206
2207|12|166|3206260|Ciawi|3206
2208|12|166|3206261|Kadipaten|3206
2209|12|166|3206270|Pagerageung|3206
2210|12|166|3206271|Sukaresik|3206
2211|12|167|3207100|Banjarsari|3207
2212|12|167|3207101|Banjaranyar|3207
2213|12|167|3207110|Lakbok|3207
2214|12|167|3207111|Purwadadi|3207
2215|12|167|3207120|Pamarican|3207
2216|12|167|3207130|Cidolog|3207
2217|12|167|3207140|Cimaragas|3207
2218|12|167|3207150|Cijeungjing|3207
2219|12|167|3207160|Cisaga|3207
2220|12|167|3207170|Tambaksari|3207
2221|12|167|3207180|Rancah|3207
2222|12|167|3207190|Rajadesa|3207
2223|12|167|3207200|Sukadana|3207
2224|12|167|3207210|Ciamis|3207
2225|12|167|3207211|Baregbeg|3207
2226|12|167|3207220|Cikoneng|3207
2227|12|167|3207221|Sindangkasih|3207
2228|12|167|3207230|Cihaurbeuti|3207
2229|12|167|3207240|Sadananya|3207
2230|12|167|3207250|Cipaku|3207
2231|12|167|3207260|Jatinagara|3207
2232|12|167|3207270|Panawangan|3207
2233|12|167|3207280|Kawali|3207
2234|12|167|3207281|Lumbung|3207
2235|12|167|3207290|Panjalu|3207
2236|12|167|3207291|Sukamantri|3207
2237|12|167|3207300|Panumbangan|3207
2238|12|168|3208010|Darma|3208
2239|12|168|3208020|Kadugede|3208
2240|12|168|3208021|Nusaherang|3208
2241|12|168|3208030|Ciniru|3208
2242|12|168|3208031|Hantara|3208
2243|12|168|3208040|Selajambe|3208
2244|12|168|3208050|Subang|3208
2245|12|168|3208051|Cilebak|3208
2246|12|168|3208060|Ciwaru|3208
2247|12|168|3208061|Karangkancana|3208
2248|12|168|3208070|Cibingbin|3208
2249|12|168|3208071|Cibeureum|3208
2250|12|168|3208080|Luragung|3208
2251|12|168|3208081|Cimahi|3208
2252|12|168|3208090|Cidahu|3208
2253|12|168|3208091|Kalimanggis|3208
2254|12|168|3208100|Ciawigebang|3208
2255|12|168|3208101|Cipicung|3208
2256|12|168|3208110|Lebakwangi|3208
2257|12|168|3208111|Maleber|3208
2258|12|168|3208120|Garawangi|3208
2259|12|168|3208121|Sindangagung|3208
2260|12|168|3208130|Kuningan|3208
2261|12|168|3208140|Cigugur|3208
2262|12|168|3208150|Kramatmulya|3208
2263|12|168|3208160|Jalaksana|3208
2264|12|168|3208161|Japara|3208
2265|12|168|3208170|Cilimus|3208
2266|12|168|3208171|Cigandamekar|3208
2267|12|168|3208180|Mandirancan|3208
2268|12|168|3208181|Pancalang|3208
2269|12|168|3208190|Pasawahan|3208
2270|12|169|3209010|Waled|3209
2271|12|169|3209011|Pasaleman|3209
2272|12|169|3209020|Ciledug|3209
2273|12|169|3209021|Pabuaran|3209
2274|12|169|3209030|Losari|3209
2275|12|169|3209031|Pabedilan|3209
2276|12|169|3209040|Babakan|3209
2277|12|169|3209041|Gebang|3209
2278|12|169|3209050|Karangsembung|3209
2279|12|169|3209051|Karangwareng|3209
2280|12|169|3209060|Lemahabang|3209
2281|12|169|3209061|Susukanlebak|3209
2282|12|169|3209070|Sedong|3209
2283|12|169|3209080|Astanajapura|3209
2284|12|169|3209081|Pangenan|3209
2285|12|169|3209090|Mundu|3209
2286|12|169|3209100|Beber|3209
2287|12|169|3209101|Greged|3209
2288|12|169|3209111|Talun|3209
2289|12|169|3209120|Sumber|3209
2290|12|169|3209121|Dukupuntang|3209
2291|12|169|3209130|Palimanan|3209
2292|12|169|3209140|Plumbon|3209
2293|12|169|3209141|Depok|3209
2294|12|169|3209150|Weru|3209
2295|12|169|3209151|Plered|3209
2296|12|169|3209161|Tengah Tani|3209
2297|12|169|3209162|Kedawung|3209
2298|12|169|3209171|Gunungjati|3209
2299|12|169|3209180|Kapetakan|3209
2300|12|169|3209181|Suranenggala|3209
2301|12|169|3209190|Klangenan|3209
2302|12|169|3209191|Jamblang|3209
2303|12|169|3209200|Arjawinangun|3209
2304|12|169|3209201|Panguragan|3209
2305|12|169|3209210|Ciwaringin|3209
2306|12|169|3209211|Gempol|3209
2307|12|169|3209220|Susukan|3209
2308|12|169|3209230|Gegesik|3209
2309|12|169|3209231|Kaliwedi|3209
2310|12|170|3210010|Lemahsugih|3210
2311|12|170|3210020|Bantarujeg|3210
2312|12|170|3210021|Malausma|3210
2313|12|170|3210030|Cikijing|3210
2314|12|170|3210031|Cingambul|3210
2315|12|170|3210040|Talaga|3210
2316|12|170|3210041|Banjaran|3210
2317|12|170|3210050|Argapura|3210
2318|12|170|3210060|Maja|3210
2319|12|170|3210070|Majalengka|3210
2320|12|170|3210080|Cigasong|3210
2321|12|170|3210090|Sukahaji|3210
2322|12|170|3210091|Sindang|3210
2323|12|170|3210100|Rajagaluh|3210
2324|12|170|3210110|Sindangwangi|3210
2325|12|170|3210120|Leuwimunding|3210
2326|12|170|3210130|Palasah|3210
2327|12|170|3210140|Jatiwangi|3210
2328|12|170|3210150|Dawuan|3210
2329|12|170|3210151|Kasokandel|3210
2330|12|170|3210160|Panyingkiran|3210
2331|12|170|3210170|Kadipaten|3210
2332|12|170|3210180|Kertajati|3210
2333|12|170|3210190|Jatitujuh|3210
2334|12|170|3210200|Ligung|3210
2335|12|170|3210210|Sumberjaya|3210
2336|12|171|3211010|Jatinangor|3211
2337|12|171|3211020|Cimanggung|3211
2338|12|171|3211030|Tanjungsari|3211
2339|12|171|3211031|Sukasari|3211
2340|12|171|3211032|Pamulihan|3211
2341|12|171|3211040|Rancakalong|3211
2342|12|171|3211050|Sumedang Selatan|3211
2343|12|171|3211060|Sumedang Utara|3211
2344|12|171|3211061|Ganeas|3211
2345|12|171|3211070|Situraja|3211
2346|12|171|3211071|Cisitu|3211
2347|12|171|3211080|Darmaraja|3211
2348|12|171|3211090|Cibugel|3211
2349|12|171|3211100|Wado|3211
2350|12|171|3211101|Jatinunggal|3211
2351|12|171|3211111|Jatigede|3211
2352|12|171|3211120|Tomo|3211
2353|12|171|3211130|Ujung Jaya|3211
2354|12|171|3211140|Conggeang|3211
2355|12|171|3211150|Paseh|3211
2356|12|171|3211160|Cimalaka|3211
2357|12|171|3211161|Cisarua|3211
2358|12|171|3211170|Tanjungkerta|3211
2359|12|171|3211171|Tanjungmedar|3211
2360|12|171|3211180|Buahdua|3211
2361|12|171|3211181|Surian|3211
2362|12|172|3212010|Haurgeulis|3212
2363|12|172|3212011|Gantar|3212
2364|12|172|3212020|Kroya|3212
2365|12|172|3212030|Gabuswetan|3212
2366|12|172|3212040|Cikedung|3212
2367|12|172|3212041|Terisi|3212
2368|12|172|3212050|Lelea|3212
2369|12|172|3212060|Bangodua|3212
2370|12|172|3212061|Tukdana|3212
2371|12|172|3212070|Widasari|3212
2372|12|172|3212080|Kertasemaya|3212
2373|12|172|3212081|Sukagumiwang|3212
2374|12|172|3212090|Krangkeng|3212
2375|12|172|3212100|Karangampel|3212
2376|12|172|3212101|Kedokan Bunder|3212
2377|12|172|3212110|Juntinyuat|3212
2378|12|172|3212120|Sliyeg|3212
2379|12|172|3212130|Jatibarang|3212
2380|12|172|3212140|Balongan|3212
2381|12|172|3212150|Indramayu|3212
2382|12|172|3212160|Sindang|3212
2383|12|172|3212161|Cantigi|3212
2384|12|172|3212162|Pasekan|3212
2385|12|172|3212170|Lohbener|3212
2386|12|172|3212171|Arahan|3212
2387|12|172|3212180|Losarang|3212
2388|12|172|3212190|Kandanghaur|3212
2389|12|172|3212200|Bongas|3212
2390|12|172|3212210|Anjatan|3212
2391|12|172|3212220|Sukra|3212
2392|12|172|3212221|Patrol|3212
2393|12|173|3213010|Sagalaherang|3213
2394|12|173|3213011|Serangpanjang|3213
2395|12|173|3213020|Jalancagak|3213
2396|12|173|3213021|Ciater|3213
2397|12|173|3213030|Cisalak|3213
2398|12|173|3213031|Kasomalang|3213
2399|12|173|3213040|Tanjungsiang|3213
2400|12|173|3213050|Cijambe|3213
2401|12|173|3213060|Cibogo|3213
2402|12|173|3213070|Subang|3213
2403|12|173|3213080|Kalijati|3213
2404|12|173|3213081|Dawuan|3213
2405|12|173|3213090|Cipeundeuy|3213
2406|12|173|3213100|Pabuaran|3213
2407|12|173|3213110|Patokbeusi|3213
2408|12|173|3213120|Purwadadi|3213
2409|12|173|3213130|Cikaum|3213
2410|12|173|3213140|Pagaden|3213
2411|12|173|3213141|Pagaden Barat|3213
2412|12|173|3213150|Cipunagara|3213
2413|12|173|3213160|Compreng|3213
2414|12|173|3213170|Binong|3213
2415|12|173|3213171|Tambakdahan|3213
2416|12|173|3213180|Ciasem|3213
2417|12|173|3213190|Pamanukan|3213
2418|12|173|3213191|Sukasari|3213
2419|12|173|3213200|Pusakanagara|3213
2420|12|173|3213201|Pusakajaya|3213
2421|12|173|3213210|Legonkulon|3213
2422|12|173|3213220|Blanakan|3213
2423|12|174|3214010|Jatiluhur|3214
2424|12|174|3214011|Sukasari|3214
2425|12|174|3214020|Maniis|3214
2426|12|174|3214030|Tegal Waru|3214
2427|12|174|3214040|Plered|3214
2428|12|174|3214050|Sukatani|3214
2429|12|174|3214060|Darangdan|3214
2430|12|174|3214070|Bojong|3214
2431|12|174|3214080|Wanayasa|3214
2432|12|174|3214081|Kiarapedes|3214
2433|12|174|3214090|Pasawahan|3214
2434|12|174|3214091|Pondok Salam|3214
2435|12|174|3214100|Purwakarta|3214
2436|12|174|3214101|Babakancikao|3214
2437|12|174|3214110|Campaka|3214
2438|12|174|3214111|Cibatu|3214
2439|12|174|3214112|Bungursari|3214
2440|12|175|3215010|Pangkalan|3215
2441|12|175|3215011|Tegalwaru|3215
2442|12|175|3215020|Ciampel|3215
2443|12|175|3215031|Telukjambe Timur|3215
2444|12|175|3215032|Telukjambe Barat|3215
2445|12|175|3215040|Klari|3215
2446|12|175|3215050|Cikampek|3215
2447|12|175|3215051|Purwasari|3215
2448|12|175|3215060|Tirtamulya|3215
2449|12|175|3215070|Jatisari|3215
2450|12|175|3215071|Banyusari|3215
2451|12|175|3215072|Kotabaru|3215
2452|12|175|3215081|Cilamaya Wetan|3215
2453|12|175|3215082|Cilamaya Kulon|3215
2454|12|175|3215090|Lemahabang|3215
2455|12|175|3215100|Talagasari|3215
2456|12|175|3215111|Majalaya|3215
2457|12|175|3215112|Karawang Timur|3215
2458|12|175|3215113|Karawang Barat|3215
2459|12|175|3215120|Rawamerta|3215
2460|12|175|3215130|Tempuran|3215
2461|12|175|3215140|Kutawaluya|3215
2462|12|175|3215150|Rengasdengklok|3215
2463|12|175|3215151|Jayakerta|3215
2464|12|175|3215160|Pedes|3215
2465|12|175|3215161|Cilebar|3215
2466|12|175|3215170|Cibuaya|3215
2467|12|175|3215180|Tirtajaya|3215
2468|12|175|3215190|Batujaya|3215
2469|12|175|3215200|Pakisjaya|3215
2470|12|176|3216010|Setu|3216
2471|12|176|3216021|Serang Baru|3216
2472|12|176|3216022|Cikarang Pusat|3216
2473|12|176|3216023|Cikarang Selatan|3216
2474|12|176|3216030|Cibarusah|3216
2475|12|176|3216031|Bojongmangu|3216
2476|12|176|3216041|Cikarang Timur|3216
2477|12|176|3216050|Kedungwaringin|3216
2478|12|176|3216061|Cikarang Utara|3216
2479|12|176|3216062|Karangbahagia|3216
2480|12|176|3216070|Cibitung|3216
2481|12|176|3216071|Cikarang Barat|3216
2482|12|176|3216081|Tambun Selatan|3216
2483|12|176|3216082|Tambun Utara|3216
2484|12|176|3216090|Babelan|3216
2485|12|176|3216100|Tarumajaya|3216
2486|12|176|3216110|Tambelang|3216
2487|12|176|3216111|Sukawangi|3216
2488|12|176|3216120|Sukatani|3216
2489|12|176|3216121|Sukakarya|3216
2490|12|176|3216130|Pebayuran|3216
2491|12|176|3216140|Cabangbungin|3216
2492|12|176|3216150|Muara Gembong|3216
2493|12|177|3217010|Rongga|3217
2494|12|177|3217020|Gununghalu|3217
2495|12|177|3217030|Sindangkerta|3217
2496|12|177|3217040|Cililin|3217
2497|12|177|3217050|Cihampelas|3217
2498|12|177|3217060|Cipongkor|3217
2499|12|177|3217070|Batujajar|3217
2500|12|177|3217071|Saguling|3217
2501|12|177|3217080|Cipatat|3217
2502|12|177|3217090|Padalarang|3217
2503|12|177|3217100|Ngamprah|3217
2504|12|177|3217110|Parongpong|3217
2505|12|177|3217120|Lembang|3217
2506|12|177|3217130|Cisarua|3217
2507|12|177|3217140|Cikalong Wetan|3217
2508|12|177|3217150|Cipeundeuy|3217
2509|12|178|3218010|Cimerak|3218
2510|12|178|3218020|Cijulang|3218
2511|12|178|3218030|Cigugur|3218
2512|12|178|3218040|Langkaplancar|3218
2513|12|178|3218050|Parigi|3218
2514|12|178|3218060|Sidamulih|3218
2515|12|178|3218070|Pangandaran|3218
2516|12|178|3218080|Kalipucang|3218
2517|12|178|3218090|Padaherang|3218
2518|12|178|3218100|Mangunjaya|3218
2519|12|179|3271010|Bogor Selatan|3271
2520|12|179|3271020|Bogor Timur|3271
2521|12|179|3271030|Bogor Utara|3271
2522|12|179|3271040|Bogor Tengah|3271
2523|12|179|3271050|Bogor Barat|3271
2524|12|179|3271060|Tanah Sereal|3271
2525|12|180|3272010|Baros|3272
2526|12|180|3272011|Lembursitu|3272
2527|12|180|3272012|Cibeureum|3272
2528|12|180|3272020|Citamiang|3272
2529|12|180|3272030|Warudoyong|3272
2530|12|180|3272040|Gunung Puyuh|3272
2531|12|180|3272050|Cikole|3272
2532|12|181|3273010|Bandung Kulon|3273
2533|12|181|3273020|Babakan Ciparay|3273
2534|12|181|3273030|Bojongloa Kaler|3273
2535|12|181|3273040|Bojongloa Kidul|3273
2536|12|181|3273050|Astanaanyar|3273
2537|12|181|3273060|Regol|3273
2538|12|181|3273070|Lengkong|3273
2539|12|181|3273080|Bandung Kidul|3273
2540|12|181|3273090|Buahbatu|3273
2541|12|181|3273100|Rancasari|3273
2542|12|181|3273101|Gedebage|3273
2543|12|181|3273110|Cibiru|3273
2544|12|181|3273111|Panyileukan|3273
2545|12|181|3273120|Ujung Berung|3273
2546|12|181|3273121|Cinambo|3273
2547|12|181|3273130|Arcamanik|3273
2548|12|181|3273141|Antapani|3273
2549|12|181|3273142|Mandalajati|3273
2550|12|181|3273150|Kiaracondong|3273
2551|12|181|3273160|Batununggal|3273
2552|12|181|3273170|Sumur Bandung|3273
2553|12|181|3273180|Andir|3273
2554|12|181|3273190|Cicendo|3273
2555|12|181|3273200|Bandung Wetan|3273
2556|12|181|3273210|Cibeunying Kidul|3273
2557|12|181|3273220|Cibeunying Kaler|3273
2558|12|181|3273230|Coblong|3273
2559|12|181|3273240|Sukajadi|3273
2560|12|181|3273250|Sukasari|3273
2561|12|181|3273260|Cidadap|3273
2562|12|182|3274010|Harjamukti|3274
2563|12|182|3274020|Lemahwungkuk|3274
2564|12|182|3274030|Pekalipan|3274
2565|12|182|3274040|Kesambi|3274
2566|12|182|3274050|Kejaksan|3274
2567|12|183|3275010|Pondokgede|3275
2568|12|183|3275011|Jatisampurna|3275
2569|12|183|3275012|Pondokmelati|3275
2570|12|183|3275020|Jatiasih|3275
2571|12|183|3275030|Bantargebang|3275
2572|12|183|3275031|Mustikajaya|3275
2573|12|183|3275040|Bekasi Timur|3275
2574|12|183|3275041|Rawalumbu|3275
2575|12|183|3275050|Bekasi Selatan|3275
2576|12|183|3275060|Bekasi Barat|3275
2577|12|183|3275061|Medan Satria|3275
2578|12|183|3275070|Bekasi Utara|3275
2579|12|184|3276010|Sawangan|3276
2580|12|184|3276011|Bojongsari|3276
2581|12|184|3276020|Pancoran Mas|3276
2582|12|184|3276021|Cipayung|3276
2583|12|184|3276030|Sukma Jaya|3276
2584|12|184|3276031|Cilodong|3276
2585|12|184|3276040|Cimanggis|3276
2586|12|184|3276041|Tapos|3276
2587|12|184|3276050|Beji|3276
2588|12|184|3276060|Limo|3276
2589|12|184|3276061|Cinere|3276
2590|12|185|3277010|Cimahi Selatan|3277
2591|12|185|3277020|Cimahi Tengah|3277
2592|12|185|3277030|Cimahi Utara|3277
2593|12|186|3278010|Kawalu|3278
2594|12|186|3278020|Tamansari|3278
2595|12|186|3278030|Cibeureum|3278
2596|12|186|3278031|Purbaratu|3278
2597|12|186|3278040|Tawang|3278
2598|12|186|3278050|Cihideung|3278
2599|12|186|3278060|Mangkubumi|3278
2600|12|186|3278070|Indihiang|3278
2601|12|186|3278071|Bungursari|3278
2602|12|186|3278080|Cipedes|3278
2603|12|187|3279010|Banjar|3279
2604|12|187|3279020|Purwaharja|3279
2605|12|187|3279030|Pataruman|3279
2606|12|187|3279040|Langensari|3279
2607|13|188|3301010|Dayeuhluhur|3301
2608|13|188|3301020|Wanareja|3301
2609|13|188|3301030|Majenang|3301
2610|13|188|3301040|Cimanggu|3301
2611|13|188|3301050|Karangpucung|3301
2612|13|188|3301060|Cipari|3301
2613|13|188|3301070|Sidareja|3301
2614|13|188|3301080|Kedungreja|3301
2615|13|188|3301090|Patimuan|3301
2616|13|188|3301100|Gandrungmangu|3301
2617|13|188|3301110|Bantarsari|3301
2618|13|188|3301120|Kawunganten|3301
2619|13|188|3301121|Kampung Laut|3301
2620|13|188|3301130|Jeruklegi|3301
2621|13|188|3301140|Kesugihan|3301
2622|13|188|3301150|Adipala|3301
2623|13|188|3301160|Maos|3301
2624|13|188|3301170|Sampang|3301
2625|13|188|3301180|Kroya|3301
2626|13|188|3301190|Binangun|3301
2627|13|188|3301200|Nusawungu|3301
2628|13|188|3301710|Cilacap Selatan|3301
2629|13|188|3301720|Cilacap Tengah|3301
2630|13|188|3301730|Cilacap Utara|3301
2631|13|189|3302010|Lumbir|3302
2632|13|189|3302020|Wangon|3302
2633|13|189|3302030|Jatilawang|3302
2634|13|189|3302040|Rawalo|3302
2635|13|189|3302050|Kebasen|3302
2636|13|189|3302060|Kemranjen|3302
2637|13|189|3302070|Sumpiuh|3302
2638|13|189|3302080|Tambak|3302
2639|13|189|3302090|Somagede|3302
2640|13|189|3302100|Kalibagor|3302
2641|13|189|3302110|Banyumas|3302
2642|13|189|3302120|Patikraja|3302
2643|13|189|3302130|Purwojati|3302
2644|13|189|3302140|Ajibarang|3302
2645|13|189|3302150|Gumelar|3302
2646|13|189|3302160|Pekuncen|3302
2647|13|189|3302170|Cilongok|3302
2648|13|189|3302180|Karanglewas|3302
2649|13|189|3302190|Kedung Banteng|3302
2650|13|189|3302200|Baturraden|3302
2651|13|189|3302210|Sumbang|3302
2652|13|189|3302220|Kembaran|3302
2653|13|189|3302230|Sokaraja|3302
2654|13|189|3302710|Purwokerto Selatan|3302
2655|13|189|3302720|Purwokerto Barat|3302
2656|13|189|3302730|Purwokerto Timur|3302
2657|13|189|3302740|Purwokerto Utara|3302
2658|13|190|3303010|Kemangkon|3303
2659|13|190|3303020|Bukateja|3303
2660|13|190|3303030|Kejobong|3303
2661|13|190|3303040|Pengadegan|3303
2662|13|190|3303050|Kaligondang|3303
2663|13|190|3303060|Purbalingga|3303
2664|13|190|3303070|Kalimanah|3303
2665|13|190|3303080|Padamara|3303
2666|13|190|3303090|Kutasari|3303
2667|13|190|3303100|Bojongsari|3303
2668|13|190|3303110|Mrebet|3303
2669|13|190|3303120|Bobotsari|3303
2670|13|190|3303130|Karangreja|3303
2671|13|190|3303131|Karangjambu|3303
2672|13|190|3303140|Karanganyar|3303
2673|13|190|3303141|Kertanegara|3303
2674|13|190|3303150|Karangmoncol|3303
2675|13|190|3303160|Rembang|3303
2676|13|191|3304010|Susukan|3304
2677|13|191|3304020|Purwareja Klampok|3304
2678|13|191|3304030|Mandiraja|3304
2679|13|191|3304040|Purwanegara|3304
2680|13|191|3304050|Bawang|3304
2681|13|191|3304060|Banjarnegara|3304
2682|13|191|3304061|Pagedongan|3304
2683|13|191|3304070|Sigaluh|3304
2684|13|191|3304080|Madukara|3304
2685|13|191|3304090|Banjarmangu|3304
2686|13|191|3304100|Wanadadi|3304
2687|13|191|3304110|Rakit|3304
2688|13|191|3304120|Punggelan|3304
2689|13|191|3304130|Karangkobar|3304
2690|13|191|3304140|Pagentan|3304
2691|13|191|3304150|Pejawaran|3304
2692|13|191|3304160|Batur|3304
2693|13|191|3304170|Wanayasa|3304
2694|13|191|3304180|Kalibening|3304
2695|13|191|3304181|Pandanarum|3304
2696|13|192|3305010|Ayah|3305
2697|13|192|3305020|Buayan|3305
2698|13|192|3305030|Puring|3305
2699|13|192|3305040|Petanahan|3305
2700|13|192|3305050|Klirong|3305
2701|13|192|3305060|Buluspesantren|3305
2702|13|192|3305070|Ambal|3305
2703|13|192|3305080|Mirit|3305
2704|13|192|3305081|Bonorowo|3305
2705|13|192|3305090|Prembun|3305
2706|13|192|3305091|Padureso|3305
2707|13|192|3305100|Kutowinangun|3305
2708|13|192|3305110|Alian|3305
2709|13|192|3305111|Poncowarno|3305
2710|13|192|3305120|Kebumen|3305
2711|13|192|3305130|Pejagoan|3305
2712|13|192|3305140|Sruweng|3305
2713|13|192|3305150|Adimulyo|3305
2714|13|192|3305160|Kuwarasan|3305
2715|13|192|3305170|Rowokele|3305
2716|13|192|3305180|Sempor|3305
2717|13|192|3305190|Gombong|3305
2718|13|192|3305200|Karanganyar|3305
2719|13|192|3305210|Karanggayam|3305
2720|13|192|3305220|Sadang|3305
2721|13|192|3305221|Karangsambung|3305
2722|13|193|3306010|Grabag|3306
2723|13|193|3306020|Ngombol|3306
2724|13|193|3306030|Purwodadi|3306
2725|13|193|3306040|Bagelen|3306
2726|13|193|3306050|Kaligesing|3306
2727|13|193|3306060|Purworejo|3306
2728|13|193|3306070|Banyu Urip|3306
2729|13|193|3306080|Bayan|3306
2730|13|193|3306090|Kutoarjo|3306
2731|13|193|3306100|Butuh|3306
2732|13|193|3306110|Pituruh|3306
2733|13|193|3306120|Kemiri|3306
2734|13|193|3306130|Bruno|3306
2735|13|193|3306140|Gebang|3306
2736|13|193|3306150|Loano|3306
2737|13|193|3306160|Bener|3306
2738|13|194|3307010|Wadaslintang|3307
2739|13|194|3307020|Kepil|3307
2740|13|194|3307030|Sapuran|3307
2741|13|194|3307031|Kalibawang|3307
2742|13|194|3307040|Kaliwiro|3307
2743|13|194|3307050|Leksono|3307
2744|13|194|3307051|Sukoharjo|3307
2745|13|194|3307060|Selomerto|3307
2746|13|194|3307070|Kalikajar|3307
2747|13|194|3307080|Kertek|3307
2748|13|194|3307090|Wonosobo|3307
2749|13|194|3307100|Watumalang|3307
2750|13|194|3307110|Mojotengah|3307
2751|13|194|3307120|Garung|3307
2752|13|194|3307130|Kejajar|3307
2753|13|195|3308010|Salaman|3308
2754|13|195|3308020|Borobudur|3308
2755|13|195|3308030|Ngluwar|3308
2756|13|195|3308040|Salam|3308
2757|13|195|3308050|Srumbung|3308
2758|13|195|3308060|Dukun|3308
2759|13|195|3308070|Muntilan|3308
2760|13|195|3308080|Mungkid|3308
2761|13|195|3308090|Sawangan|3308
2762|13|195|3308100|Candimulyo|3308
2763|13|195|3308110|Mertoyudan|3308
2764|13|195|3308120|Tempuran|3308
2765|13|195|3308130|Kajoran|3308
2766|13|195|3308140|Kaliangkrik|3308
2767|13|195|3308150|Bandongan|3308
2768|13|195|3308160|Windusari|3308
2769|13|195|3308170|Secang|3308
2770|13|195|3308180|Tegalrejo|3308
2771|13|195|3308190|Pakis|3308
2772|13|195|3308200|Grabag|3308
2773|13|195|3308210|Ngablak|3308
2774|13|196|3309010|Selo|3309
2775|13|196|3309020|Ampel|3309
2776|13|196|3309030|Cepogo|3309
2777|13|196|3309040|Musuk|3309
2778|13|196|3309050|Boyolali|3309
2779|13|196|3309060|Mojosongo|3309
2780|13|196|3309070|Teras|3309
2781|13|196|3309080|Sawit|3309
2782|13|196|3309090|Banyudono|3309
2783|13|196|3309100|Sambi|3309
2784|13|196|3309110|Ngemplak|3309
2785|13|196|3309120|Nogosari|3309
2786|13|196|3309130|Simo|3309
2787|13|196|3309140|Karanggede|3309
2788|13|196|3309150|Klego|3309
2789|13|196|3309160|Andong|3309
2790|13|196|3309170|Kemusu|3309
2791|13|196|3309180|Wonosegoro|3309
2792|13|196|3309190|Juwangi|3309
2793|13|197|3310010|Prambanan|3310
2794|13|197|3310020|Gantiwarno|3310
2795|13|197|3310030|Wedi|3310
2796|13|197|3310040|Bayat|3310
2797|13|197|3310050|Cawas|3310
2798|13|197|3310060|Trucuk|3310
2799|13|197|3310070|Kalikotes|3310
2800|13|197|3310080|Kebonarum|3310
2801|13|197|3310090|Jogonalan|3310
2802|13|197|3310100|Manisrenggo|3310
2803|13|197|3310110|Karangnongko|3310
2804|13|197|3310120|Ngawen|3310
2805|13|197|3310130|Ceper|3310
2806|13|197|3310140|Pedan|3310
2807|13|197|3310150|Karangdowo|3310
2808|13|197|3310160|Juwiring|3310
2809|13|197|3310170|Wonosari|3310
2810|13|197|3310180|Delanggu|3310
2811|13|197|3310190|Polanharjo|3310
2812|13|197|3310200|Karanganom|3310
2813|13|197|3310210|Tulung|3310
2814|13|197|3310220|Jatinom|3310
2815|13|197|3310230|Kemalang|3310
2816|13|197|3310710|Klaten Selatan|3310
2817|13|197|3310720|Klaten Tengah|3310
2818|13|197|3310730|Klaten Utara|3310
2819|13|198|3311010|Weru|3311
2820|13|198|3311020|Bulu|3311
2821|13|198|3311030|Tawangsari|3311
2822|13|198|3311040|Sukoharjo|3311
2823|13|198|3311050|Nguter|3311
2824|13|198|3311060|Bendosari|3311
2825|13|198|3311070|Polokarto|3311
2826|13|198|3311080|Mojolaban|3311
2827|13|198|3311090|Grogol|3311
2828|13|198|3311100|Baki|3311
2829|13|198|3311110|Gatak|3311
2830|13|198|3311120|Kartasura|3311
2831|13|199|3312010|Pracimantoro|3312
2832|13|199|3312020|Paranggupito|3312
2833|13|199|3312030|Giritontro|3312
2834|13|199|3312040|Giriwoyo|3312
2835|13|199|3312050|Batuwarno|3312
2836|13|199|3312060|Karangtengah|3312
2837|13|199|3312070|Tirtomoyo|3312
2838|13|199|3312080|Nguntoronadi|3312
2839|13|199|3312090|Baturetno|3312
2840|13|199|3312100|Eromoko|3312
2841|13|199|3312110|Wuryantoro|3312
2842|13|199|3312120|Manyaran|3312
2843|13|199|3312130|Selogiri|3312
2844|13|199|3312140|Wonogiri|3312
2845|13|199|3312150|Ngadirojo|3312
2846|13|199|3312160|Sidoharjo|3312
2847|13|199|3312170|Jatiroto|3312
2848|13|199|3312180|Kismantoro|3312
2849|13|199|3312190|Purwantoro|3312
2850|13|199|3312200|Bulukerto|3312
2851|13|199|3312201|Puhpelem|3312
2852|13|199|3312210|Slogohimo|3312
2853|13|199|3312220|Jatisrono|3312
2854|13|199|3312230|Jatipurno|3312
2855|13|199|3312240|Girimarto|3312
2856|13|200|3313010|Jatipuro|3313
2857|13|200|3313020|Jatiyoso|3313
2858|13|200|3313030|Jumapolo|3313
2859|13|200|3313040|Jumantono|3313
2860|13|200|3313050|Matesih|3313
2861|13|200|3313060|Tawangmangu|3313
2862|13|200|3313070|Ngargoyoso|3313
2863|13|200|3313080|Karangpandan|3313
2864|13|200|3313090|Karanganyar|3313
2865|13|200|3313100|Tasikmadu|3313
2866|13|200|3313110|Jaten|3313
2867|13|200|3313120|Colomadu|3313
2868|13|200|3313130|Gondangrejo|3313
2869|13|200|3313140|Kebakkramat|3313
2870|13|200|3313150|Mojogedang|3313
2871|13|200|3313160|Kerjo|3313
2872|13|200|3313170|Jenawi|3313
2873|13|201|3314010|Kalijambe|3314
2874|13|201|3314020|Plupuh|3314
2875|13|201|3314030|Masaran|3314
2876|13|201|3314040|Kedawung|3314
2877|13|201|3314050|Sambirejo|3314
2878|13|201|3314060|Gondang|3314
2879|13|201|3314070|Sambung Macan|3314
2880|13|201|3314080|Ngrampal|3314
2881|13|201|3314090|Karangmalang|3314
2882|13|201|3314100|Sragen|3314
2883|13|201|3314110|Sidoharjo|3314
2884|13|201|3314120|Tanon|3314
2885|13|201|3314130|Gemolong|3314
2886|13|201|3314140|Miri|3314
2887|13|201|3314150|Sumberlawang|3314
2888|13|201|3314160|Mondokan|3314
2889|13|201|3314170|Sukodono|3314
2890|13|201|3314180|Gesi|3314
2891|13|201|3314190|Tangen|3314
2892|13|201|3314200|Jenar|3314
2893|13|202|3315010|Kedungjati|3315
2894|13|202|3315020|Karangrayung|3315
2895|13|202|3315030|Penawangan|3315
2896|13|202|3315040|Toroh|3315
2897|13|202|3315050|Geyer|3315
2898|13|202|3315060|Pulokulon|3315
2899|13|202|3315070|Kradenan|3315
2900|13|202|3315080|Gabus|3315
2901|13|202|3315090|Ngaringan|3315
2902|13|202|3315100|Wirosari|3315
2903|13|202|3315110|Tawangharjo|3315
2904|13|202|3315120|Grobogan|3315
2905|13|202|3315130|Purwodadi|3315
2906|13|202|3315140|Brati|3315
2907|13|202|3315150|Klambu|3315
2908|13|202|3315160|Godong|3315
2909|13|202|3315170|Gubug|3315
2910|13|202|3315180|Tegowanu|3315
2911|13|202|3315190|Tanggungharjo|3315
2912|13|203|3316010|Jati|3316
2913|13|203|3316020|Randublatung|3316
2914|13|203|3316030|Kradenan|3316
2915|13|203|3316040|Kedungtuban|3316
2916|13|203|3316050|Cepu|3316
2917|13|203|3316060|Sambong|3316
2918|13|203|3316070|Jiken|3316
2919|13|203|3316080|Bogorejo|3316
2920|13|203|3316090|Jepon|3316
2921|13|203|3316100|Kota Blora|3316
2922|13|203|3316110|Banjarejo|3316
2923|13|203|3316120|Tunjungan|3316
2924|13|203|3316130|Japah|3316
2925|13|203|3316140|Ngawen|3316
2926|13|203|3316150|Kunduran|3316
2927|13|203|3316160|Todanan|3316
2928|13|204|3317010|Sumber|3317
2929|13|204|3317020|Bulu|3317
2930|13|204|3317030|Gunem|3317
2931|13|204|3317040|Sale|3317
2932|13|204|3317050|Sarang|3317
2933|13|204|3317060|Sedan|3317
2934|13|204|3317070|Pamotan|3317
2935|13|204|3317080|Sulang|3317
2936|13|204|3317090|Kaliori|3317
2937|13|204|3317100|Rembang|3317
2938|13|204|3317110|Pancur|3317
2939|13|204|3317120|Kragan|3317
2940|13|204|3317130|Sluke|3317
2941|13|204|3317140|Lasem|3317
2942|13|205|3318010|Sukolilo|3318
2943|13|205|3318020|Kayen|3318
2944|13|205|3318030|Tambakromo|3318
2945|13|205|3318040|Winong|3318
2946|13|205|3318050|Pucakwangi|3318
2947|13|205|3318060|Jaken|3318
2948|13|205|3318070|Batangan|3318
2949|13|205|3318080|Juwana|3318
2950|13|205|3318090|Jakenan|3318
2951|13|205|3318100|Pati|3318
2952|13|205|3318110|Gabus|3318
2953|13|205|3318120|Margorejo|3318
2954|13|205|3318130|Gembong|3318
2955|13|205|3318140|Tlogowungu|3318
2956|13|205|3318150|Wedarijaksa|3318
2957|13|205|3318160|Trangkil|3318
2958|13|205|3318170|Margoyoso|3318
2959|13|205|3318180|Gunung Wungkal|3318
2960|13|205|3318190|Cluwak|3318
2961|13|205|3318200|Tayu|3318
2962|13|205|3318210|Dukuhseti|3318
2963|13|206|3319010|Kaliwungu|3319
2964|13|206|3319020|Kota Kudus|3319
2965|13|206|3319030|Jati|3319
2966|13|206|3319040|Undaan|3319
2967|13|206|3319050|Mejobo|3319
2968|13|206|3319060|Jekulo|3319
2969|13|206|3319070|Bae|3319
2970|13|206|3319080|Gebog|3319
2971|13|206|3319090|Dawe|3319
2972|13|207|3320010|Kedung|3320
2973|13|207|3320020|Pecangaan|3320
2974|13|207|3320021|Kalinyamatan|3320
2975|13|207|3320030|Welahan|3320
2976|13|207|3320040|Mayong|3320
2977|13|207|3320050|Nalumsari|3320
2978|13|207|3320060|Batealit|3320
2979|13|207|3320070|Tahunan|3320
2980|13|207|3320080|Jepara|3320
2981|13|207|3320090|Mlonggo|3320
2982|13|207|3320091|Pakis Aji|3320
2983|13|207|3320100|Bangsri|3320
2984|13|207|3320101|Kembang|3320
2985|13|207|3320110|Keling|3320
2986|13|207|3320111|Donorojo|3320
2987|13|207|3320120|Karimunjawa|3320
2988|13|208|3321010|Mranggen|3321
2989|13|208|3321020|Karangawen|3321
2990|13|208|3321030|Guntur|3321
2991|13|208|3321040|Sayung|3321
2992|13|208|3321050|Karang Tengah|3321
2993|13|208|3321060|Bonang|3321
2994|13|208|3321070|Demak|3321
2995|13|208|3321080|Wonosalam|3321
2996|13|208|3321090|Dempet|3321
2997|13|208|3321091|Kebonagung|3321
2998|13|208|3321100|Gajah|3321
2999|13|208|3321110|Karanganyar|3321
3000|13|208|3321120|Mijen|3321
3001|13|208|3321130|Wedung|3321
3002|13|209|3322010|Getasan|3322
3003|13|209|3322020|Tengaran|3322
3004|13|209|3322030|Susukan|3322
3005|13|209|3322031|Kaliwungu|3322
3006|13|209|3322040|Suruh|3322
3007|13|209|3322050|Pabelan|3322
3008|13|209|3322060|Tuntang|3322
3009|13|209|3322070|Banyubiru|3322
3010|13|209|3322080|Jambu|3322
3011|13|209|3322090|Sumowono|3322
3012|13|209|3322100|Ambarawa|3322
3013|13|209|3322101|Bandungan|3322
3014|13|209|3322110|Bawen|3322
3015|13|209|3322120|Bringin|3322
3016|13|209|3322121|Bancak|3322
3017|13|209|3322130|Pringapus|3322
3018|13|209|3322140|Bergas|3322
3019|13|209|3322151|Ungaran Barat|3322
3020|13|209|3322152|Ungaran Timur|3322
3021|13|210|3323010|Parakan|3323
3022|13|210|3323011|Kledung|3323
3023|13|210|3323012|Bansari|3323
3024|13|210|3323020|Bulu|3323
3025|13|210|3323030|Temanggung|3323
3026|13|210|3323031|Tlogomulyo|3323
3027|13|210|3323040|Tembarak|3323
3028|13|210|3323041|Selopampang|3323
3029|13|210|3323050|Kranggan|3323
3030|13|210|3323060|Pringsurat|3323
3031|13|210|3323070|Kaloran|3323
3032|13|210|3323080|Kandangan|3323
3033|13|210|3323090|Kedu|3323
3034|13|210|3323100|Ngadirejo|3323
3035|13|210|3323110|Jumo|3323
3036|13|210|3323111|Gemawang|3323
3037|13|210|3323120|Candiroto|3323
3038|13|210|3323121|Bejen|3323
3039|13|210|3323130|Tretep|3323
3040|13|210|3323131|Wonoboyo|3323
3041|13|211|3324010|Plantungan|3324
3042|13|211|3324020|Sukorejo|3324
3043|13|211|3324030|Pagerruyung|3324
3044|13|211|3324040|Patean|3324
3045|13|211|3324050|Singorojo|3324
3046|13|211|3324060|Limbangan|3324
3047|13|211|3324070|Boja|3324
3048|13|211|3324080|Kaliwungu|3324
3049|13|211|3324081|Kaliwungu Selatan|3324
3050|13|211|3324090|Brangsong|3324
3051|13|211|3324100|Pegandon|3324
3052|13|211|3324101|Ngampel|3324
3053|13|211|3324110|Gemuh|3324
3054|13|211|3324111|Ringinarum|3324
3055|13|211|3324120|Weleri|3324
3056|13|211|3324130|Rowosari|3324
3057|13|211|3324140|Kangkung|3324
3058|13|211|3324150|Cepiring|3324
3059|13|211|3324160|Patebon|3324
3060|13|211|3324170|Kota Kendal|3324
3061|13|212|3325010|Wonotunggal|3325
3062|13|212|3325020|Bandar|3325
3063|13|212|3325030|Blado|3325
3064|13|212|3325040|Reban|3325
3065|13|212|3325050|Bawang|3325
3066|13|212|3325060|Tersono|3325
3067|13|212|3325070|Gringsing|3325
3068|13|212|3325080|Limpung|3325
3069|13|212|3325081|Banyuputih|3325
3070|13|212|3325090|Subah|3325
3071|13|212|3325091|Pecalungan|3325
3072|13|212|3325100|Tulis|3325
3073|13|212|3325101|Kandeman|3325
3074|13|212|3325110|Batang|3325
3075|13|212|3325120|Warung Asem|3325
3076|13|213|3326010|Kandangserang|3326
3077|13|213|3326020|Paninggaran|3326
3078|13|213|3326030|Lebakbarang|3326
3079|13|213|3326040|Petungkriono|3326
3080|13|213|3326050|Talun|3326
3081|13|213|3326060|Doro|3326
3082|13|213|3326070|Karanganyar|3326
3083|13|213|3326080|Kajen|3326
3084|13|213|3326090|Kesesi|3326
3085|13|213|3326100|Sragi|3326
3086|13|213|3326101|Siwalan|3326
3087|13|213|3326110|Bojong|3326
3088|13|213|3326120|Wonopringgo|3326
3089|13|213|3326130|Kedungwuni|3326
3090|13|213|3326131|Karangdadap|3326
3091|13|213|3326140|Buaran|3326
3092|13|213|3326150|Tirto|3326
3093|13|213|3326160|Wiradesa|3326
3094|13|213|3326161|Wonokerto|3326
3095|13|214|3327010|Moga|3327
3096|13|214|3327011|Warungpring|3327
3097|13|214|3327020|Pulosari|3327
3098|13|214|3327030|Belik|3327
3099|13|214|3327040|Watukumpul|3327
3100|13|214|3327050|Bodeh|3327
3101|13|214|3327060|Bantarbolang|3327
3102|13|214|3327070|Randudongkal|3327
3103|13|214|3327080|Pemalang|3327
3104|13|214|3327090|Taman|3327
3105|13|214|3327100|Petarukan|3327
3106|13|214|3327110|Ampelgading|3327
3107|13|214|3327120|Comal|3327
3108|13|214|3327130|Ulujami|3327
3109|13|215|3328010|Margasari|3328
3110|13|215|3328020|Bumijawa|3328
3111|13|215|3328030|Bojong|3328
3112|13|215|3328040|Balapulang|3328
3113|13|215|3328050|Pagerbarang|3328
3114|13|215|3328060|Lebaksiu|3328
3115|13|215|3328070|Jatinegara|3328
3116|13|215|3328080|Kedung Banteng|3328
3117|13|215|3328090|Pangkah|3328
3118|13|215|3328100|Slawi|3328
3119|13|215|3328110|Dukuhwaru|3328
3120|13|215|3328120|Adiwerna|3328
3121|13|215|3328130|Dukuhturi|3328
3122|13|215|3328140|Talang|3328
3123|13|215|3328150|Tarub|3328
3124|13|215|3328160|Kramat|3328
3125|13|215|3328170|Suradadi|3328
3126|13|215|3328180|Warureja|3328
3127|13|216|3329010|Salem|3329
3128|13|216|3329020|Bantarkawung|3329
3129|13|216|3329030|Bumiayu|3329
3130|13|216|3329040|Paguyangan|3329
3131|13|216|3329050|Sirampog|3329
3132|13|216|3329060|Tonjong|3329
3133|13|216|3329070|Larangan|3329
3134|13|216|3329080|Ketanggungan|3329
3135|13|216|3329090|Banjarharjo|3329
3136|13|216|3329100|Losari|3329
3137|13|216|3329110|Tanjung|3329
3138|13|216|3329120|Kersana|3329
3139|13|216|3329130|Bulakamba|3329
3140|13|216|3329140|Wanasari|3329
3141|13|216|3329150|Songgom|3329
3142|13|216|3329160|Jatibarang|3329
3143|13|216|3329170|Brebes|3329
3144|13|217|3371010|Magelang Selatan|3371
3145|13|217|3371011|Magelang Tengah|3371
3146|13|217|3371020|Magelang Utara|3371
3147|13|218|3372010|Laweyan|3372
3148|13|218|3372020|Serengan|3372
3149|13|218|3372030|Pasar Kliwon|3372
3150|13|218|3372040|Jebres|3372
3151|13|218|3372050|Banjarsari|3372
3152|13|219|3373010|Argomulyo|3373
3153|13|219|3373020|Tingkir|3373
3154|13|219|3373030|Sidomukti|3373
3155|13|219|3373040|Sidorejo|3373
3156|13|220|3374010|Mijen|3374
3157|13|220|3374020|Gunung Pati|3374
3158|13|220|3374030|Banyumanik|3374
3159|13|220|3374040|Gajah Mungkur|3374
3160|13|220|3374050|Semarang Selatan|3374
3161|13|220|3374060|Candisari|3374
3162|13|220|3374070|Tembalang|3374
3163|13|220|3374080|Pedurungan|3374
3164|13|220|3374090|Genuk|3374
3165|13|220|3374100|Gayamsari|3374
3166|13|220|3374110|Semarang Timur|3374
3167|13|220|3374120|Semarang Utara|3374
3168|13|220|3374130|Semarang Tengah|3374
3169|13|220|3374140|Semarang Barat|3374
3170|13|220|3374150|Tugu|3374
3171|13|220|3374160|Ngaliyan|3374
3172|13|221|3375010|Pekalongan Barat|3375
3173|13|221|3375020|Pekalongan Timur|3375
3174|13|221|3375030|Pekalongan Selatan|3375
3175|13|221|3375040|Pekalongan Utara|3375
3176|13|222|3376010|Tegal Selatan|3376
3177|13|222|3376020|Tegal Timur|3376
3178|13|222|3376030|Tegal Barat|3376
3179|13|222|3376040|Margadana|3376
3180|14|223|3401010|Temon|3401
3181|14|223|3401020|Wates|3401
3182|14|223|3401030|Panjatan|3401
3183|14|223|3401040|Galur|3401
3184|14|223|3401050|Lendah|3401
3185|14|223|3401060|Sentolo|3401
3186|14|223|3401070|Pengasih|3401
3187|14|223|3401080|Kokap|3401
3188|14|223|3401090|Girimulyo|3401
3189|14|223|3401100|Nanggulan|3401
3190|14|223|3401110|Kalibawang|3401
3191|14|223|3401120|Samigaluh|3401
3192|14|224|3402010|Srandakan|3402
3193|14|224|3402020|Sanden|3402
3194|14|224|3402030|Kretek|3402
3195|14|224|3402040|Pundong|3402
3196|14|224|3402050|Bambang Lipuro|3402
3197|14|224|3402060|Pandak|3402
3198|14|224|3402070|Bantul|3402
3199|14|224|3402080|Jetis|3402
3200|14|224|3402090|Imogiri|3402
3201|14|224|3402100|Dlingo|3402
3202|14|224|3402110|Pleret|3402
3203|14|224|3402120|Piyungan|3402
3204|14|224|3402130|Banguntapan|3402
3205|14|224|3402140|Sewon|3402
3206|14|224|3402150|Kasihan|3402
3207|14|224|3402160|Pajangan|3402
3208|14|224|3402170|Sedayu|3402
3209|14|225|3403010|Panggang|3403
3210|14|225|3403011|Purwosari|3403
3211|14|225|3403020|Paliyan|3403
3212|14|225|3403030|Sapto Sari|3403
3213|14|225|3403040|Tepus|3403
3214|14|225|3403041|Tanjungsari|3403
3215|14|225|3403050|Rongkop|3403
3216|14|225|3403051|Girisubo|3403
3217|14|225|3403060|Semanu|3403
3218|14|225|3403070|Ponjong|3403
3219|14|225|3403080|Karangmojo|3403
3220|14|225|3403090|Wonosari|3403
3221|14|225|3403100|Playen|3403
3222|14|225|3403110|Patuk|3403
3223|14|225|3403120|Gedang Sari|3403
3224|14|225|3403130|Nglipar|3403
3225|14|225|3403140|Ngawen|3403
3226|14|225|3403150|Semin|3403
3227|14|226|3404010|Moyudan|3404
3228|14|226|3404020|Minggir|3404
3229|14|226|3404030|Seyegan|3404
3230|14|226|3404040|Godean|3404
3231|14|226|3404050|Gamping|3404
3232|14|226|3404060|Mlati|3404
3233|14|226|3404070|Depok|3404
3234|14|226|3404080|Berbah|3404
3235|14|226|3404090|Prambanan|3404
3236|14|226|3404100|Kalasan|3404
3237|14|226|3404110|Ngemplak|3404
3238|14|226|3404120|Ngaglik|3404
3239|14|226|3404130|Sleman|3404
3240|14|226|3404140|Tempel|3404
3241|14|226|3404150|Turi|3404
3242|14|226|3404160|Pakem|3404
3243|14|226|3404170|Cangkringan|3404
3244|14|227|3471010|Mantrijeron|3471
3245|14|227|3471020|Kraton|3471
3246|14|227|3471030|Mergangsan|3471
3247|14|227|3471040|Umbulharjo|3471
3248|14|227|3471050|Kotagede|3471
3249|14|227|3471060|Gondokusuman|3471
3250|14|227|3471070|Danurejan|3471
3251|14|227|3471080|Pakualaman|3471
3252|14|227|3471090|Gondomanan|3471
3253|14|227|3471100|Ngampilan|3471
3254|14|227|3471110|Wirobrajan|3471
3255|14|227|3471120|Gedong Tengen|3471
3256|14|227|3471130|Jetis|3471
3257|14|227|3471140|Tegalrejo|3471
3258|15|228|3501010|Donorojo|3501
3259|15|228|3501020|Punung|3501
3260|15|228|3501030|Pringkuku|3501
3261|15|228|3501040|Pacitan|3501
3262|15|228|3501050|Kebonagung|3501
3263|15|228|3501060|Arjosari|3501
3264|15|228|3501070|Nawangan|3501
3265|15|228|3501080|Bandar|3501
3266|15|228|3501090|Tegalombo|3501
3267|15|228|3501100|Tulakan|3501
3268|15|228|3501110|Ngadirojo|3501
3269|15|228|3501120|Sudimoro|3501
3270|15|229|3502010|Ngrayun|3502
3271|15|229|3502020|Slahung|3502
3272|15|229|3502030|Bungkal|3502
3273|15|229|3502040|Sambit|3502
3274|15|229|3502050|Sawoo|3502
3275|15|229|3502060|Sooko|3502
3276|15|229|3502061|Pudak|3502
3277|15|229|3502070|Pulung|3502
3278|15|229|3502080|Mlarak|3502
3279|15|229|3502090|Siman|3502
3280|15|229|3502100|Jetis|3502
3281|15|229|3502110|Balong|3502
3282|15|229|3502120|Kauman|3502
3283|15|229|3502130|Jambon|3502
3284|15|229|3502140|Badegan|3502
3285|15|229|3502150|Sampung|3502
3286|15|229|3502160|Sukorejo|3502
3287|15|229|3502170|Ponorogo|3502
3288|15|229|3502180|Babadan|3502
3289|15|229|3502190|Jenangan|3502
3290|15|229|3502200|Ngebel|3502
3291|15|230|3503010|Panggul|3503
3292|15|230|3503020|Munjungan|3503
3293|15|230|3503030|Watulimo|3503
3294|15|230|3503040|Kampak|3503
3295|15|230|3503050|Dongko|3503
3296|15|230|3503060|Pule|3503
3297|15|230|3503070|Karangan|3503
3298|15|230|3503071|Suruh|3503
3299|15|230|3503080|Gandusari|3503
3300|15|230|3503090|Durenan|3503
3301|15|230|3503100|Pogalan|3503
3302|15|230|3503110|Trenggalek|3503
3303|15|230|3503120|Tugu|3503
3304|15|230|3503130|Bendungan|3503
3305|15|231|3504010|Besuki|3504
3306|15|231|3504020|Bandung|3504
3307|15|231|3504030|Pakel|3504
3308|15|231|3504040|Campur Darat|3504
3309|15|231|3504050|Tanggung Gunung|3504
3310|15|231|3504060|Kalidawir|3504
3311|15|231|3504070|Pucang Laban|3504
3312|15|231|3504080|Rejotangan|3504
3313|15|231|3504090|Ngunut|3504
3314|15|231|3504100|Sumbergempol|3504
3315|15|231|3504110|Boyolangu|3504
3316|15|231|3504120|Tulungagung|3504
3317|15|231|3504130|Kedungwaru|3504
3318|15|231|3504140|Ngantru|3504
3319|15|231|3504150|Karangrejo|3504
3320|15|231|3504160|Kauman|3504
3321|15|231|3504170|Gondang|3504
3322|15|231|3504180|Pager Wojo|3504
3323|15|231|3504190|Sendang|3504
3324|15|232|3505010|Bakung|3505
3325|15|232|3505020|Wonotirto|3505
3326|15|232|3505030|Panggungrejo|3505
3327|15|232|3505040|Wates|3505
3328|15|232|3505050|Binangun|3505
3329|15|232|3505060|Sutojayan|3505
3330|15|232|3505070|Kademangan|3505
3331|15|232|3505080|Kanigoro|3505
3332|15|232|3505090|Talun|3505
3333|15|232|3505100|Selopuro|3505
3334|15|232|3505110|Kesamben|3505
3335|15|232|3505120|Selorejo|3505
3336|15|232|3505130|Doko|3505
3337|15|232|3505140|Wlingi|3505
3338|15|232|3505150|Gandusari|3505
3339|15|232|3505160|Garum|3505
3340|15|232|3505170|Nglegok|3505
3341|15|232|3505180|Sanankulon|3505
3342|15|232|3505190|Ponggok|3505
3343|15|232|3505200|Srengat|3505
3344|15|232|3505210|Wonodadi|3505
3345|15|232|3505220|Udanawu|3505
3346|15|233|3506010|Mojo|3506
3347|15|233|3506020|Semen|3506
3348|15|233|3506030|Ngadiluwih|3506
3349|15|233|3506040|Kras|3506
3350|15|233|3506050|Ringinrejo|3506
3351|15|233|3506060|Kandat|3506
3352|15|233|3506070|Wates|3506
3353|15|233|3506080|Ngancar|3506
3354|15|233|3506090|Plosoklaten|3506
3355|15|233|3506100|Gurah|3506
3356|15|233|3506110|Puncu|3506
3357|15|233|3506120|Kepung|3506
3358|15|233|3506130|Kandangan|3506
3359|15|233|3506140|Pare|3506
3360|15|233|3506141|Badas|3506
3361|15|233|3506150|Kunjang|3506
3362|15|233|3506160|Plemahan|3506
3363|15|233|3506170|Purwoasri|3506
3364|15|233|3506180|Papar|3506
3365|15|233|3506190|Pagu|3506
3366|15|233|3506191|Kayen Kidul|3506
3367|15|233|3506200|Gampengrejo|3506
3368|15|233|3506201|Ngasem|3506
3369|15|233|3506210|Banyakan|3506
3370|15|233|3506220|Grogol|3506
3371|15|233|3506230|Tarokan|3506
3372|15|234|3507010|Donomulyo|3507
3373|15|234|3507020|Kalipare|3507
3374|15|234|3507030|Pagak|3507
3375|15|234|3507040|Bantur|3507
3376|15|234|3507050|Gedangan|3507
3377|15|234|3507060|Sumbermanjing|3507
3378|15|234|3507070|Dampit|3507
3379|15|234|3507080|Tirto Yudo|3507
3380|15|234|3507090|Ampelgading|3507
3381|15|234|3507100|Poncokusumo|3507
3382|15|234|3507110|Wajak|3507
3383|15|234|3507120|Turen|3507
3384|15|234|3507130|Bululawang|3507
3385|15|234|3507140|Gondanglegi|3507
3386|15|234|3507150|Pagelaran|3507
3387|15|234|3507160|Kepanjen|3507
3388|15|234|3507170|Sumber Pucung|3507
3389|15|234|3507180|Kromengan|3507
3390|15|234|3507190|Ngajum|3507
3391|15|234|3507200|Wonosari|3507
3392|15|234|3507210|Wagir|3507
3393|15|234|3507220|Pakisaji|3507
3394|15|234|3507230|Tajinan|3507
3395|15|234|3507240|Tumpang|3507
3396|15|234|3507250|Pakis|3507
3397|15|234|3507260|Jabung|3507
3398|15|234|3507270|Lawang|3507
3399|15|234|3507280|Singosari|3507
3400|15|234|3507290|Karangploso|3507
3401|15|234|3507300|Dau|3507
3402|15|234|3507310|Pujon|3507
3403|15|234|3507320|Ngantang|3507
3404|15|234|3507330|Kasembon|3507
3405|15|235|3508010|Tempursari|3508
3406|15|235|3508020|Pronojiwo|3508
3407|15|235|3508030|Candipuro|3508
3408|15|235|3508040|Pasirian|3508
3409|15|235|3508050|Tempeh|3508
3410|15|235|3508060|Lumajang|3508
3411|15|235|3508061|Sumbersuko|3508
3412|15|235|3508070|Tekung|3508
3413|15|235|3508080|Kunir|3508
3414|15|235|3508090|Yosowilangun|3508
3415|15|235|3508100|Rowokangkung|3508
3416|15|235|3508110|Jatiroto|3508
3417|15|235|3508120|Randuagung|3508
3418|15|235|3508130|Sukodono|3508
3419|15|235|3508140|Padang|3508
3420|15|235|3508150|Pasrujambe|3508
3421|15|235|3508160|Senduro|3508
3422|15|235|3508170|Gucialit|3508
3423|15|235|3508180|Kedungjajang|3508
3424|15|235|3508190|Klakah|3508
3425|15|235|3508200|Ranuyoso|3508
3426|15|236|3509010|Kencong|3509
3427|15|236|3509020|Gumuk Mas|3509
3428|15|236|3509030|Puger|3509
3429|15|236|3509040|Wuluhan|3509
3430|15|236|3509050|Ambulu|3509
3431|15|236|3509060|Tempurejo|3509
3432|15|236|3509070|Silo|3509
3433|15|236|3509080|Mayang|3509
3434|15|236|3509090|Mumbulsari|3509
3435|15|236|3509100|Jenggawah|3509
3436|15|236|3509110|Ajung|3509
3437|15|236|3509120|Rambipuji|3509
3438|15|236|3509130|Balung|3509
3439|15|236|3509140|Umbulsari|3509
3440|15|236|3509150|Semboro|3509
3441|15|236|3509160|Jombang|3509
3442|15|236|3509170|Sumber Baru|3509
3443|15|236|3509180|Tanggul|3509
3444|15|236|3509190|Bangsalsari|3509
3445|15|236|3509200|Panti|3509
3446|15|236|3509210|Sukorambi|3509
3447|15|236|3509220|Arjasa|3509
3448|15|236|3509230|Pakusari|3509
3449|15|236|3509240|Kalisat|3509
3450|15|236|3509250|Ledokombo|3509
3451|15|236|3509260|Sumberjambe|3509
3452|15|236|3509270|Sukowono|3509
3453|15|236|3509280|Jelbuk|3509
3454|15|236|3509710|Kaliwates|3509
3455|15|236|3509720|Sumbersari|3509
3456|15|236|3509730|Patrang|3509
3457|15|237|3510010|Pesanggaran|3510
3458|15|237|3510011|Siliragung|3510
3459|15|237|3510020|Bangorejo|3510
3460|15|237|3510030|Purwoharjo|3510
3461|15|237|3510040|Tegaldlimo|3510
3462|15|237|3510050|Muncar|3510
3463|15|237|3510060|Cluring|3510
3464|15|237|3510070|Gambiran|3510
3465|15|237|3510071|Tegalsari|3510
3466|15|237|3510080|Glenmore|3510
3467|15|237|3510090|Kalibaru|3510
3468|15|237|3510100|Genteng|3510
3469|15|237|3510110|Srono|3510
3470|15|237|3510120|Rogojampi|3510
3471|15|237|3510121|Blimbingsari|3510
3472|15|237|3510130|Kabat|3510
3473|15|237|3510140|Singojuruh|3510
3474|15|237|3510150|Sempu|3510
3475|15|237|3510160|Songgon|3510
3476|15|237|3510170|Glagah|3510
3477|15|237|3510171|Licin|3510
3478|15|237|3510180|Banyuwangi|3510
3479|15|237|3510190|Giri|3510
3480|15|237|3510200|Kalipuro|3510
3481|15|237|3510210|Wongsorejo|3510
3482|15|238|3511010|Maesan|3511
3483|15|238|3511020|Grujugan|3511
3484|15|238|3511030|Tamanan|3511
3485|15|238|3511031|Jambesari Darus Sholah|3511
3486|15|238|3511040|Pujer|3511
3487|15|238|3511050|Tlogosari|3511
3488|15|238|3511060|Sukosari|3511
3489|15|238|3511061|Sumber Wringin|3511
3490|15|238|3511070|Tapen|3511
3491|15|238|3511080|Wonosari|3511
3492|15|238|3511090|Tenggarang|3511
3493|15|238|3511100|Bondowoso|3511
3494|15|238|3511110|Curah Dami|3511
3495|15|238|3511111|Binakal|3511
3496|15|238|3511120|Pakem|3511
3497|15|238|3511130|Wringin|3511
3498|15|238|3511140|Tegalampel|3511
3499|15|238|3511141|Taman Krocok|3511
3500|15|238|3511150|Klabang|3511
3501|15|238|3511151|Ijen|3511
3502|15|238|3511152|Botolinggo|3511
3503|15|238|3511160|Prajekan|3511
3504|15|238|3511170|Cermee|3511
3505|15|239|3512010|Sumbermalang|3512
3506|15|239|3512020|Jatibanteng|3512
3507|15|239|3512030|Banyuglugur|3512
3508|15|239|3512040|Besuki|3512
3509|15|239|3512050|Suboh|3512
3510|15|239|3512060|Mlandingan|3512
3511|15|239|3512070|Bungatan|3512
3512|15|239|3512080|Kendit|3512
3513|15|239|3512090|Panarukan|3512
3514|15|239|3512100|Situbondo|3512
3515|15|239|3512110|Mangaran|3512
3516|15|239|3512120|Panji|3512
3517|15|239|3512130|Kapongan|3512
3518|15|239|3512140|Arjasa|3512
3519|15|239|3512150|Jangkar|3512
3520|15|239|3512160|Asembagus|3512
3521|15|239|3512170|Banyuputih|3512
3522|15|240|3513010|Sukapura|3513
3523|15|240|3513020|Sumber|3513
3524|15|240|3513030|Kuripan|3513
3525|15|240|3513040|Bantaran|3513
3526|15|240|3513050|Leces|3513
3527|15|240|3513060|Tegalsiwalan|3513
3528|15|240|3513070|Banyuanyar|3513
3529|15|240|3513080|Tiris|3513
3530|15|240|3513090|Krucil|3513
3531|15|240|3513100|Gading|3513
3532|15|240|3513110|Pakuniran|3513
3533|15|240|3513120|Kotaanyar|3513
3534|15|240|3513130|Paiton|3513
3535|15|240|3513140|Besuk|3513
3536|15|240|3513150|Kraksaan|3513
3537|15|240|3513160|Krejengan|3513
3538|15|240|3513170|Pajarakan|3513
3539|15|240|3513180|Maron|3513
3540|15|240|3513190|Gending|3513
3541|15|240|3513200|Dringu|3513
3542|15|240|3513210|Wonomerto|3513
3543|15|240|3513220|Lumbang|3513
3544|15|240|3513230|Tongas|3513
3545|15|240|3513240|Sumberasih|3513
3546|15|241|3514010|Purwodadi|3514
3547|15|241|3514020|Tutur|3514
3548|15|241|3514030|Puspo|3514
3549|15|241|3514040|Tosari|3514
3550|15|241|3514050|Lumbang|3514
3551|15|241|3514060|Pasrepan|3514
3552|15|241|3514070|Kejayan|3514
3553|15|241|3514080|Wonorejo|3514
3554|15|241|3514090|Purwosari|3514
3555|15|241|3514100|Prigen|3514
3556|15|241|3514110|Sukorejo|3514
3557|15|241|3514120|Pandaan|3514
3558|15|241|3514130|Gempol|3514
3559|15|241|3514140|Beji|3514
3560|15|241|3514150|Bangil|3514
3561|15|241|3514160|Rembang|3514
3562|15|241|3514170|Kraton|3514
3563|15|241|3514180|Pohjentrek|3514
3564|15|241|3514190|Gondang Wetan|3514
3565|15|241|3514200|Rejoso|3514
3566|15|241|3514210|Winongan|3514
3567|15|241|3514220|Grati|3514
3568|15|241|3514230|Lekok|3514
3569|15|241|3514240|Nguling|3514
3570|15|242|3515010|Tarik|3515
3571|15|242|3515020|Prambon|3515
3572|15|242|3515030|Krembung|3515
3573|15|242|3515040|Porong|3515
3574|15|242|3515050|Jabon|3515
3575|15|242|3515060|Tanggulangin|3515
3576|15|242|3515070|Candi|3515
3577|15|242|3515080|Tulangan|3515
3578|15|242|3515090|Wonoayu|3515
3579|15|242|3515100|Sukodono|3515
3580|15|242|3515110|Sidoarjo|3515
3581|15|242|3515120|Buduran|3515
3582|15|242|3515130|Sedati|3515
3583|15|242|3515140|Waru|3515
3584|15|242|3515150|Gedangan|3515
3585|15|242|3515160|Taman|3515
3586|15|242|3515170|Krian|3515
3587|15|242|3515180|Balong Bendo|3515
3588|15|243|3516010|Jatirejo|3516
3589|15|243|3516020|Gondang|3516
3590|15|243|3516030|Pacet|3516
3591|15|243|3516040|Trawas|3516
3592|15|243|3516050|Ngoro|3516
3593|15|243|3516060|Pungging|3516
3594|15|243|3516070|Kutorejo|3516
3595|15|243|3516080|Mojosari|3516
3596|15|243|3516090|Bangsal|3516
3597|15|243|3516091|Mojoanyar|3516
3598|15|243|3516100|Dlanggu|3516
3599|15|243|3516110|Puri|3516
3600|15|243|3516120|Trowulan|3516
3601|15|243|3516130|Sooko|3516
3602|15|243|3516140|Gedek|3516
3603|15|243|3516150|Kemlagi|3516
3604|15|243|3516160|Jetis|3516
3605|15|243|3516170|Dawar Blandong|3516
3606|15|244|3517010|Bandar Kedung Mulyo|3517
3607|15|244|3517020|Perak|3517
3608|15|244|3517030|Gudo|3517
3609|15|244|3517040|Diwek|3517
3610|15|244|3517050|Ngoro|3517
3611|15|244|3517060|Mojowarno|3517
3612|15|244|3517070|Bareng|3517
3613|15|244|3517080|Wonosalam|3517
3614|15|244|3517090|Mojoagung|3517
3615|15|244|3517100|Sumobito|3517
3616|15|244|3517110|Jogo Roto|3517
3617|15|244|3517120|Peterongan|3517
3618|15|244|3517130|Jombang|3517
3619|15|244|3517140|Megaluh|3517
3620|15|244|3517150|Tembelang|3517
3621|15|244|3517160|Kesamben|3517
3622|15|244|3517170|Kudu|3517
3623|15|244|3517171|Ngusikan|3517
3624|15|244|3517180|Ploso|3517
3625|15|244|3517190|Kabuh|3517
3626|15|244|3517200|Plandaan|3517
3627|15|245|3518010|Sawahan|3518
3628|15|245|3518020|Ngetos|3518
3629|15|245|3518030|Berbek|3518
3630|15|245|3518040|Loceret|3518
3631|15|245|3518050|Pace|3518
3632|15|245|3518060|Tanjunganom|3518
3633|15|245|3518070|Prambon|3518
3634|15|245|3518080|Ngronggot|3518
3635|15|245|3518090|Kertosono|3518
3636|15|245|3518100|Patianrowo|3518
3637|15|245|3518110|Baron|3518
3638|15|245|3518120|Gondang|3518
3639|15|245|3518130|Sukomoro|3518
3640|15|245|3518140|Nganjuk|3518
3641|15|245|3518150|Bagor|3518
3642|15|245|3518160|Wilangan|3518
3643|15|245|3518170|Rejoso|3518
3644|15|245|3518180|Ngluyu|3518
3645|15|245|3518190|Lengkong|3518
3646|15|245|3518200|Jatikalen|3518
3647|15|246|3519010|Kebonsari|3519
3648|15|246|3519020|Geger|3519
3649|15|246|3519030|Dolopo|3519
3650|15|246|3519040|Dagangan|3519
3651|15|246|3519050|Wungu|3519
3652|15|246|3519060|Kare|3519
3653|15|246|3519070|Gemarang|3519
3654|15|246|3519080|Saradan|3519
3655|15|246|3519090|Pilangkenceng|3519
3656|15|246|3519100|Mejayan|3519
3657|15|246|3519110|Wonoasri|3519
3658|15|246|3519120|Balerejo|3519
3659|15|246|3519130|Madiun|3519
3660|15|246|3519140|Sawahan|3519
3661|15|246|3519150|Jiwan|3519
3662|15|247|3520010|Poncol|3520
3663|15|247|3520020|Parang|3520
3664|15|247|3520030|Lembeyan|3520
3665|15|247|3520040|Takeran|3520
3666|15|247|3520041|Nguntoronadi|3520
3667|15|247|3520050|Kawedanan|3520
3668|15|247|3520060|Magetan|3520
3669|15|247|3520061|Ngariboyo|3520
3670|15|247|3520070|Plaosan|3520
3671|15|247|3520071|Sidorejo|3520
3672|15|247|3520080|Panekan|3520
3673|15|247|3520090|Sukomoro|3520
3674|15|247|3520100|Bendo|3520
3675|15|247|3520110|Maospati|3520
3676|15|247|3520120|Karangrejo|3520
3677|15|247|3520121|Karas|3520
3678|15|247|3520130|Barat|3520
3679|15|247|3520131|Kartoharjo|3520
3680|15|248|3521010|Sine|3521
3681|15|248|3521020|Ngrambe|3521
3682|15|248|3521030|Jogorogo|3521
3683|15|248|3521040|Kendal|3521
3684|15|248|3521050|Geneng|3521
3685|15|248|3521051|Gerih|3521
3686|15|248|3521060|Kwadungan|3521
3687|15|248|3521070|Pangkur|3521
3688|15|248|3521080|Karangjati|3521
3689|15|248|3521090|Bringin|3521
3690|15|248|3521100|Padas|3521
3691|15|248|3521101|Kasreman|3521
3692|15|248|3521110|Ngawi|3521
3693|15|248|3521120|Paron|3521
3694|15|248|3521130|Kedunggalar|3521
3695|15|248|3521140|Pitu|3521
3696|15|248|3521150|Widodaren|3521
3697|15|248|3521160|Mantingan|3521
3698|15|248|3521170|Karanganyar|3521
3699|15|249|3522010|Margomulyo|3522
3700|15|249|3522020|Ngraho|3522
3701|15|249|3522030|Tambakrejo|3522
3702|15|249|3522040|Ngambon|3522
3703|15|249|3522041|Sekar|3522
3704|15|249|3522050|Bubulan|3522
3705|15|249|3522051|Gondang|3522
3706|15|249|3522060|Temayang|3522
3707|15|249|3522070|Sugihwaras|3522
3708|15|249|3522080|Kedungadem|3522
3709|15|249|3522090|Kepoh Baru|3522
3710|15|249|3522100|Baureno|3522
3711|15|249|3522110|Kanor|3522
3712|15|249|3522120|Sumberejo|3522
3713|15|249|3522130|Balen|3522
3714|15|249|3522140|Sukosewu|3522
3715|15|249|3522150|Kapas|3522
3716|15|249|3522160|Bojonegoro|3522
3717|15|249|3522170|Trucuk|3522
3718|15|249|3522180|Dander|3522
3719|15|249|3522190|Ngasem|3522
3720|15|249|3522191|Gayam|3522
3721|15|249|3522200|Kalitidu|3522
3722|15|249|3522210|Malo|3522
3723|15|249|3522220|Purwosari|3522
3724|15|249|3522230|Padangan|3522
3725|15|249|3522240|Kasiman|3522
3726|15|249|3522241|Kedewan|3522
3727|15|250|3523010|Kenduruan|3523
3728|15|250|3523020|Bangilan|3523
3729|15|250|3523030|Senori|3523
3730|15|250|3523040|Singgahan|3523
3731|15|250|3523050|Montong|3523
3732|15|250|3523060|Parengan|3523
3733|15|250|3523070|Soko|3523
3734|15|250|3523080|Rengel|3523
3735|15|250|3523081|Grabagan|3523
3736|15|250|3523090|Plumpang|3523
3737|15|250|3523100|Widang|3523
3738|15|250|3523110|Palang|3523
3739|15|250|3523120|Semanding|3523
3740|15|250|3523130|Tuban|3523
3741|15|250|3523140|Jenu|3523
3742|15|250|3523150|Merakurak|3523
3743|15|250|3523160|Kerek|3523
3744|15|250|3523170|Tambakboyo|3523
3745|15|250|3523180|Jatirogo|3523
3746|15|250|3523190|Bancar|3523
3747|15|251|3524010|Sukorame|3524
3748|15|251|3524020|Bluluk|3524
3749|15|251|3524030|Ngimbang|3524
3750|15|251|3524040|Sambeng|3524
3751|15|251|3524050|Mantup|3524
3752|15|251|3524060|Kembangbahu|3524
3753|15|251|3524070|Sugio|3524
3754|15|251|3524080|Kedungpring|3524
3755|15|251|3524090|Modo|3524
3756|15|251|3524100|Babat|3524
3757|15|251|3524110|Pucuk|3524
3758|15|251|3524120|Sukodadi|3524
3759|15|251|3524130|Lamongan|3524
3760|15|251|3524140|Tikung|3524
3761|15|251|3524141|Sarirejo|3524
3762|15|251|3524150|Deket|3524
3763|15|251|3524160|Glagah|3524
3764|15|251|3524170|Karangbinangun|3524
3765|15|251|3524180|Turi|3524
3766|15|251|3524190|Kalitengah|3524
3767|15|251|3524200|Karang Geneng|3524
3768|15|251|3524210|Sekaran|3524
3769|15|251|3524220|Maduran|3524
3770|15|251|3524230|Laren|3524
3771|15|251|3524240|Solokuro|3524
3772|15|251|3524250|Paciran|3524
3773|15|251|3524260|Brondong|3524
3774|15|252|3525010|Wringinanom|3525
3775|15|252|3525020|Driyorejo|3525
3776|15|252|3525030|Kedamean|3525
3777|15|252|3525040|Menganti|3525
3778|15|252|3525050|Cerme|3525
3779|15|252|3525060|Benjeng|3525
3780|15|252|3525070|Balongpanggang|3525
3781|15|252|3525080|Duduksampeyan|3525
3782|15|252|3525090|Kebomas|3525
3783|15|252|3525100|Gresik|3525
3784|15|252|3525110|Manyar|3525
3785|15|252|3525120|Bungah|3525
3786|15|252|3525130|Sidayu|3525
3787|15|252|3525140|Dukun|3525
3788|15|252|3525150|Panceng|3525
3789|15|252|3525160|Ujungpangkah|3525
3790|15|252|3525170|Sangkapura|3525
3791|15|252|3525180|Tambak|3525
3792|15|253|3526010|Kamal|3526
3793|15|253|3526020|Labang|3526
3794|15|253|3526030|Kwanyar|3526
3795|15|253|3526040|Modung|3526
3796|15|253|3526050|Blega|3526
3797|15|253|3526060|Konang|3526
3798|15|253|3526070|Galis|3526
3799|15|253|3526080|Tanah Merah|3526
3800|15|253|3526090|Tragah|3526
3801|15|253|3526100|Socah|3526
3802|15|253|3526110|Bangkalan|3526
3803|15|253|3526120|Burneh|3526
3804|15|253|3526130|Arosbaya|3526
3805|15|253|3526140|Geger|3526
3806|15|253|3526150|Kokop|3526
3807|15|253|3526160|Tanjungbumi|3526
3808|15|253|3526170|Sepulu|3526
3809|15|253|3526180|Klampis|3526
3810|15|254|3527010|Sreseh|3527
3811|15|254|3527020|Torjun|3527
3812|15|254|3527021|Pangarengan|3527
3813|15|254|3527030|Sampang|3527
3814|15|254|3527040|Camplong|3527
3815|15|254|3527050|Omben|3527
3816|15|254|3527060|Kedungdung|3527
3817|15|254|3527070|Jrengik|3527
3818|15|254|3527080|Tambelangan|3527
3819|15|254|3527090|Banyuates|3527
3820|15|254|3527100|Robatal|3527
3821|15|254|3527101|Karang Penang|3527
3822|15|254|3527110|Ketapang|3527
3823|15|254|3527120|Sokobanah|3527
3824|15|255|3528010|Tlanakan|3528
3825|15|255|3528020|Pademawu|3528
3826|15|255|3528030|Galis|3528
3827|15|255|3528040|Larangan|3528
3828|15|255|3528050|Pamekasan|3528
3829|15|255|3528060|Proppo|3528
3830|15|255|3528070|Palengaan|3528
3831|15|255|3528080|Pegantenan|3528
3832|15|255|3528090|Kadur|3528
3833|15|255|3528100|Pakong|3528
3834|15|255|3528110|Waru|3528
3835|15|255|3528120|Batu Marmar|3528
3836|15|255|3528130|Pasean|3528
3837|15|256|3529010|Pragaan|3529
3838|15|256|3529020|Bluto|3529
3839|15|256|3529030|Saronggi|3529
3840|15|256|3529040|Giligenteng|3529
3841|15|256|3529050|Talango|3529
3842|15|256|3529060|Kalianget|3529
3843|15|256|3529070|Kota Sumenep|3529
3844|15|256|3529071|Batuan|3529
3845|15|256|3529080|Lenteng|3529
3846|15|256|3529090|Ganding|3529
3847|15|256|3529100|Guluk Guluk|3529
3848|15|256|3529110|Pasongsongan|3529
3849|15|256|3529120|Ambunten|3529
3850|15|256|3529130|Rubaru|3529
3851|15|256|3529140|Dasuk|3529
3852|15|256|3529150|Manding|3529
3853|15|256|3529160|Batuputih|3529
3854|15|256|3529170|Gapura|3529
3855|15|256|3529180|Batang Batang|3529
3856|15|256|3529190|Dungkek|3529
3857|15|256|3529200|Nonggunong|3529
3858|15|256|3529210|Gayam|3529
3859|15|256|3529220|Raas|3529
3860|15|256|3529230|Sapeken|3529
3861|15|256|3529240|Arjasa|3529
3862|15|256|3529241|Kangayan|3529
3863|15|256|3529250|Masalembu|3529
3864|15|257|3571010|Mojoroto|3571
3865|15|257|3571020|Kota Kediri|3571
3866|15|257|3571030|Pesantren|3571
3867|15|258|3572010|Sukorejo|3572
3868|15|258|3572020|Kepanjenkidul|3572
3869|15|258|3572030|Sananwetan|3572
3870|15|259|3573010|Kedungkandang|3573
3871|15|259|3573020|Sukun|3573
3872|15|259|3573030|Klojen|3573
3873|15|259|3573040|Blimbing|3573
3874|15|259|3573050|Lowokwaru|3573
3875|15|260|3574010|Kademangan|3574
3876|15|260|3574011|Kedopok|3574
3877|15|260|3574020|Wonoasih|3574
3878|15|260|3574030|Mayangan|3574
3879|15|260|3574031|Kanigaran|3574
3880|15|261|3575010|Gadingrejo|3575
3881|15|261|3575020|Purworejo|3575
3882|15|261|3575030|Bugulkidul|3575
3883|15|261|3575031|Panggungrejo|3575
3884|15|262|3576010|Prajurit Kulon|3576
3885|15|262|3576020|Magersari|3576
3886|15|262|3576021|Kranggan|3576
3887|15|263|3577010|Mangu Harjo|3577
3888|15|263|3577020|Taman|3577
3889|15|263|3577030|Kartoharjo|3577
3890|15|264|3578010|Karang Pilang|3578
3891|15|264|3578020|Jambangan|3578
3892|15|264|3578030|Gayungan|3578
3893|15|264|3578040|Wonocolo|3578
3894|15|264|3578050|Tenggilis Mejoyo|3578
3895|15|264|3578060|Gunung Anyar|3578
3896|15|264|3578070|Rungkut|3578
3897|15|264|3578080|Sukolilo|3578
3898|15|264|3578090|Mulyorejo|3578
3899|15|264|3578100|Gubeng|3578
3900|15|264|3578110|Wonokromo|3578
3901|15|264|3578120|Dukuh Pakis|3578
3902|15|264|3578130|Wiyung|3578
3903|15|264|3578140|Lakarsantri|3578
3904|15|264|3578141|Sambikerep|3578
3905|15|264|3578150|Tandes|3578
3906|15|264|3578160|Suko Manunggal|3578
3907|15|264|3578170|Sawahan|3578
3908|15|264|3578180|Tegalsari|3578
3909|15|264|3578190|Genteng|3578
3910|15|264|3578200|Tambaksari|3578
3911|15|264|3578210|Kenjeran|3578
3912|15|264|3578211|Bulak|3578
3913|15|264|3578220|Simokerto|3578
3914|15|264|3578230|Semampir|3578
3915|15|264|3578240|Pabean Cantian|3578
3916|15|264|3578250|Bubutan|3578
3917|15|264|3578260|Krembangan|3578
3918|15|264|3578270|Asemrowo|3578
3919|15|264|3578280|Benowo|3578
3920|15|264|3578281|Pakal|3578
3921|15|265|3579010|Batu|3579
3922|15|265|3579020|Junrejo|3579
3923|15|265|3579030|Bumiaji|3579
3924|16|266|3601010|Sumur|3601
3925|16|266|3601020|Cimanggu|3601
3926|16|266|3601030|Cibaliung|3601
3927|16|266|3601031|Cibitung|3601
3928|16|266|3601040|Cikeusik|3601
3929|16|266|3601050|Cigeulis|3601
3930|16|266|3601060|Panimbang|3601
3931|16|266|3601061|Sobang|3601
3932|16|266|3601070|Munjul|3601
3933|16|266|3601071|Angsana|3601
3934|16|266|3601072|Sindangresmi|3601
3935|16|266|3601080|Picung|3601
3936|16|266|3601090|Bojong|3601
3937|16|266|3601100|Saketi|3601
3938|16|266|3601101|Cisata|3601
3939|16|266|3601110|Pagelaran|3601
3940|16|266|3601111|Patia|3601
3941|16|266|3601112|Sukaresmi|3601
3942|16|266|3601120|Labuan|3601
3943|16|266|3601121|Carita|3601
3944|16|266|3601130|Jiput|3601
3945|16|266|3601131|Cikedal|3601
3946|16|266|3601140|Menes|3601
3947|16|266|3601141|Pulosari|3601
3948|16|266|3601150|Mandalawangi|3601
3949|16|266|3601160|Cimanuk|3601
3950|16|266|3601161|Cipeucang|3601
3951|16|266|3601170|Banjar|3601
3952|16|266|3601171|Kaduhejo|3601
3953|16|266|3601172|Mekarjaya|3601
3954|16|266|3601180|Pandeglang|3601
3955|16|266|3601181|Majasari|3601
3956|16|266|3601190|Cadasari|3601
3957|16|266|3601191|Karangtanjung|3601
3958|16|266|3601192|Koroncong|3601
3959|16|267|3602010|Malingping|3602
3960|16|267|3602011|Wanasalam|3602
3961|16|267|3602020|Panggarangan|3602
3962|16|267|3602021|Cihara|3602
3963|16|267|3602030|Bayah|3602
3964|16|267|3602031|Cilograng|3602
3965|16|267|3602040|Cibeber|3602
3966|16|267|3602050|Cijaku|3602
3967|16|267|3602051|Cigemblong|3602
3968|16|267|3602060|Banjarsari|3602
3969|16|267|3602070|Cileles|3602
3970|16|267|3602080|Gunung Kencana|3602
3971|16|267|3602090|Bojongmanik|3602
3972|16|267|3602091|Cirinten|3602
3973|16|267|3602100|Leuwidamar|3602
3974|16|267|3602110|Muncang|3602
3975|16|267|3602111|Sobang|3602
3976|16|267|3602120|Cipanas|3602
3977|16|267|3602121|Lebakgedong|3602
3978|16|267|3602130|Sajira|3602
3979|16|267|3602140|Cimarga|3602
3980|16|267|3602150|Cikulur|3602
3981|16|267|3602160|Warunggunung|3602
3982|16|267|3602170|Cibadak|3602
3983|16|267|3602180|Rangkasbitung|3602
3984|16|267|3602181|Kalanganyar|3602
3985|16|267|3602190|Maja|3602
3986|16|267|3602191|Curugbitung|3602
3987|16|268|3603010|Cisoka|3603
3988|16|268|3603011|Solear|3603
3989|16|268|3603020|Tigaraksa|3603
3990|16|268|3603021|Jambe|3603
3991|16|268|3603030|Cikupa|3603
3992|16|268|3603040|Panongan|3603
3993|16|268|3603050|Curug|3603
3994|16|268|3603051|Kelapa Dua|3603
3995|16|268|3603060|Legok|3603
3996|16|268|3603070|Pagedangan|3603
3997|16|268|3603081|Cisauk|3603
3998|16|268|3603120|Pasarkemis|3603
3999|16|268|3603121|Sindang Jaya|3603
4000|16|268|3603130|Balaraja|3603
4001|16|268|3603131|Jayanti|3603
4002|16|268|3603132|Sukamulya|3603
4003|16|268|3603140|Kresek|3603
4004|16|268|3603141|Gunung Kaler|3603
4005|16|268|3603150|Kronjo|3603
4006|16|268|3603151|Mekar Baru|3603
4007|16|268|3603160|Mauk|3603
4008|16|268|3603161|Kemiri|3603
4009|16|268|3603162|Sukadiri|3603
4010|16|268|3603170|Rajeg|3603
4011|16|268|3603180|Sepatan|3603
4012|16|268|3603181|Sepatan Timur|3603
4013|16|268|3603190|Pakuhaji|3603
4014|16|268|3603200|Teluknaga|3603
4015|16|268|3603210|Kosambi|3603
4016|16|269|3604010|Cinangka|3604
4017|16|269|3604020|Padarincang|3604
4018|16|269|3604030|Ciomas|3604
4019|16|269|3604040|Pabuaran|3604
4020|16|269|3604041|Gunung Sari|3604
4021|16|269|3604050|Baros|3604
4022|16|269|3604060|Petir|3604
4023|16|269|3604061|Tunjung Teja|3604
4024|16|269|3604080|Cikeusal|3604
4025|16|269|3604090|Pamarayan|3604
4026|16|269|3604091|Bandung|3604
4027|16|269|3604100|Jawilan|3604
4028|16|269|3604110|Kopo|3604
4029|16|269|3604120|Cikande|3604
4030|16|269|3604121|Kibin|3604
4031|16|269|3604130|Kragilan|3604
4032|16|269|3604180|Waringinkurung|3604
4033|16|269|3604190|Mancak|3604
4034|16|269|3604200|Anyar|3604
4035|16|269|3604210|Bojonegara|3604
4036|16|269|3604211|Pulo Ampel|3604
4037|16|269|3604220|Kramatwatu|3604
4038|16|269|3604240|Ciruas|3604
4039|16|269|3604250|Pontang|3604
4040|16|269|3604251|Lebak Wangi|3604
4041|16|269|3604260|Carenang|3604
4042|16|269|3604261|Binuang|3604
4043|16|269|3604270|Tirtayasa|3604
4044|16|269|3604271|Tanara|3604
4045|16|270|3671010|Ciledug|3671
4046|16|270|3671011|Larangan|3671
4047|16|270|3671012|Karang Tengah|3671
4048|16|270|3671020|Cipondoh|3671
4049|16|270|3671021|Pinang|3671
4050|16|270|3671030|Tangerang|3671
4051|16|270|3671031|Karawaci|3671
4052|16|270|3671040|Jati Uwung|3671
4053|16|270|3671041|Cibodas|3671
4054|16|270|3671042|Periuk|3671
4055|16|270|3671050|Batuceper|3671
4056|16|270|3671051|Neglasari|3671
4057|16|270|3671060|Benda|3671
4058|16|271|3672010|Ciwandan|3672
4059|16|271|3672011|Citangkil|3672
4060|16|271|3672020|Pulomerak|3672
4061|16|271|3672021|Purwakarta|3672
4062|16|271|3672022|Grogol|3672
4063|16|271|3672030|Cilegon|3672
4064|16|271|3672031|Jombang|3672
4065|16|271|3672040|Cibeber|3672
4066|16|272|3673010|Curug|3673
4067|16|272|3673020|Walantaka|3673
4068|16|272|3673030|Cipocok Jaya|3673
4069|16|272|3673040|Serang|3673
4070|16|272|3673050|Taktakan|3673
4071|16|272|3673060|Kasemen|3673
4072|16|273|3674010|Setu|3674
4073|16|273|3674020|Serpong|3674
4074|16|273|3674030|Pamulang|3674
4075|16|273|3674040|Ciputat|3674
4076|16|273|3674050|Ciputat Timur|3674
4077|16|273|3674060|Pondok Aren|3674
4078|16|273|3674070|Serpong Utara|3674
4079|17|274|5101010|Melaya|5101
4080|17|274|5101020|Negara|5101
4081|17|274|5101021|Jembrana|5101
4082|17|274|5101030|Mendoyo|5101
4083|17|274|5101040|Pekutatan|5101
4084|17|275|5102010|Selemadeg|5102
4085|17|275|5102011|Selemadeg Timur|5102
4086|17|275|5102012|Selemadeg Barat|5102
4087|17|275|5102020|Kerambitan|5102
4088|17|275|5102030|Tabanan|5102
4089|17|275|5102040|Kediri|5102
4090|17|275|5102050|Marga|5102
4091|17|275|5102060|Baturiti|5102
4092|17|275|5102070|Penebel|5102
4093|17|275|5102080|Pupuan|5102
4094|17|276|5103010|Kuta Selatan|5103
4095|17|276|5103020|Kuta|5103
4096|17|276|5103030|Kuta Utara|5103
4097|17|276|5103040|Mengwi|5103
4098|17|276|5103050|Abiansemal|5103
4099|17|276|5103060|Petang|5103
4100|17|277|5104010|Sukawati|5104
4101|17|277|5104020|Blahbatuh|5104
4102|17|277|5104030|Gianyar|5104
4103|17|277|5104040|Tampaksiring|5104
4104|17|277|5104050|Ubud|5104
4105|17|277|5104060|Tegallalang|5104
4106|17|277|5104070|Payangan|5104
4107|17|278|5105010|Nusapenida|5105
4108|17|278|5105020|Banjarangkan|5105
4109|17|278|5105030|Klungkung|5105
4110|17|278|5105040|Dawan|5105
4111|17|279|5106010|Susut|5106
4112|17|279|5106020|Bangli|5106
4113|17|279|5106030|Tembuku|5106
4114|17|279|5106040|Kintamani|5106
4115|17|280|5107010|Rendang|5107
4116|17|280|5107020|Sidemen|5107
4117|17|280|5107030|Manggis|5107
4118|17|280|5107040|Karangasem|5107
4119|17|280|5107050|Abang|5107
4120|17|280|5107060|Bebandem|5107
4121|17|280|5107070|Selat|5107
4122|17|280|5107080|Kubu|5107
4123|17|281|5108010|Gerokgak|5108
4124|17|281|5108020|Seririt|5108
4125|17|281|5108030|Busungbiu|5108
4126|17|281|5108040|Banjar|5108
4127|17|281|5108050|Sukasada|5108
4128|17|281|5108060|Buleleng|5108
4129|17|281|5108070|Sawan|5108
4130|17|281|5108080|Kubutambahan|5108
4131|17|281|5108090|Tejakula|5108
4132|17|282|5171010|Denpasar Selatan|5171
4133|17|282|5171020|Denpasar Timur|5171
4134|17|282|5171030|Denpasar Barat|5171
4135|17|282|5171031|Denpasar Utara|5171
4136|18|283|5201010|Sekotong|5201
4137|18|283|5201011|Lembar|5201
4138|18|283|5201020|Gerung|5201
4139|18|283|5201030|Labu Api|5201
4140|18|283|5201040|Kediri|5201
4141|18|283|5201041|Kuripan|5201
4142|18|283|5201050|Narmada|5201
4143|18|283|5201051|Lingsar|5201
4144|18|283|5201060|Gunung Sari|5201
4145|18|283|5201061|Batu Layar|5201
4146|18|284|5202010|Praya Barat|5202
4147|18|284|5202011|Praya Barat Daya|5202
4148|18|284|5202020|Pujut|5202
4149|18|284|5202030|Praya Timur|5202
4150|18|284|5202040|Janapria|5202
4151|18|284|5202050|Kopang|5202
4152|18|284|5202060|Praya|5202
4153|18|284|5202061|Praya Tengah|5202
4154|18|284|5202070|Jonggat|5202
4155|18|284|5202080|Pringgarata|5202
4156|18|284|5202090|Batukliang|5202
4157|18|284|5202091|Batukliang Utara|5202
4158|18|285|5203010|Keruak|5203
4159|18|285|5203011|Jerowaru|5203
4160|18|285|5203020|Sakra|5203
4161|18|285|5203021|Sakra Barat|5203
4162|18|285|5203022|Sakra Timur|5203
4163|18|285|5203030|Terara|5203
4164|18|285|5203031|Montong Gading|5203
4165|18|285|5203040|Sikur|5203
4166|18|285|5203050|Masbagik|5203
4167|18|285|5203051|Pringgasela|5203
4168|18|285|5203060|Sukamulia|5203
4169|18|285|5203061|Suralaga|5203
4170|18|285|5203070|Selong|5203
4171|18|285|5203071|Labuhan Haji|5203
4172|18|285|5203080|Pringgabaya|5203
4173|18|285|5203081|Suela|5203
4174|18|285|5203090|Aikmel|5203
4175|18|285|5203091|Wanasaba|5203
4176|18|285|5203092|Sembalun|5203
4177|18|285|5203100|Sambelia|5203
4178|18|286|5204020|Lunyuk|5204
4179|18|286|5204021|Orong Telu|5204
4180|18|286|5204050|Alas|5204
4181|18|286|5204051|Alas Barat|5204
4182|18|286|5204052|Buer|5204
4183|18|286|5204061|Utan|5204
4184|18|286|5204062|Rhee|5204
4185|18|286|5204070|Batulanteh|5204
4186|18|286|5204080|Sumbawa|5204
4187|18|286|5204081|Labuhan Badas|5204
4188|18|286|5204082|Unter Iwes|5204
4189|18|286|5204090|Moyohilir|5204
4190|18|286|5204091|Moyo Utara|5204
4191|18|286|5204100|Moyohulu|5204
4192|18|286|5204110|Ropang|5204
4193|18|286|5204111|Lenangguar|5204
4194|18|286|5204112|Lantung|5204
4195|18|286|5204121|Lape|5204
4196|18|286|5204122|Lopok|5204
4197|18|286|5204130|Plampang|5204
4198|18|286|5204131|Labangka|5204
4199|18|286|5204132|Maronge|5204
4200|18|286|5204140|Empang|5204
4201|18|286|5204141|Tarano|5204
4202|18|287|5205010|huu'|5205
4203|18|287|5205011|Pajo|5205
4204|18|287|5205020|Dompu|5205
4205|18|287|5205030|Woja|5205
4206|18|287|5205040|Kilo|5205
4207|18|287|5205050|Kempo|5205
4208|18|287|5205051|Manggalewa|5205
4209|18|287|5205060|Pekat|5205
4210|18|288|5206010|Monta|5206
4211|18|288|5206011|Parado|5206
4212|18|288|5206020|Bolo|5206
4213|18|288|5206021|Mada Pangga|5206
4214|18|288|5206030|Woha|5206
4215|18|288|5206040|Belo|5206
4216|18|288|5206041|Palibelo|5206
4217|18|288|5206050|Wawo|5206
4218|18|288|5206051|Langgudu|5206
4219|18|288|5206052|Lambitu|5206
4220|18|288|5206060|Sape|5206
4221|18|288|5206061|Lambu|5206
4222|18|288|5206070|Wera|5206
4223|18|288|5206071|Ambalawi|5206
4224|18|288|5206080|Donggo|5206
4225|18|288|5206081|Soromandi|5206
4226|18|288|5206090|Sanggar|5206
4227|18|288|5206091|Tambora|5206
4228|18|289|5207010|Sekongkang|5207
4229|18|289|5207020|Jereweh|5207
4230|18|289|5207021|Maluk|5207
4231|18|289|5207030|Taliwang|5207
4232|18|289|5207031|Brang Ene|5207
4233|18|289|5207040|Brang Rea|5207
4234|18|289|5207050|Seteluk|5207
4235|18|289|5207051|Poto Tano|5207
4236|18|290|5208010|Pemenang|5208
4237|18|290|5208020|Tanjung|5208
4238|18|290|5208030|Gangga|5208
4239|18|290|5208040|Kayangan|5208
4240|18|290|5208050|Bayan|5208
4241|18|291|5271010|Ampenan|5271
4242|18|291|5271011|Sekarbela|5271
4243|18|291|5271020|Mataram|5271
4244|18|291|5271021|Selaparang|5271
4245|18|291|5271030|Cakranegara|5271
4246|18|291|5271031|Sandubaya|5271
4247|18|292|5272010|Rasanae Barat|5272
4248|18|292|5272011|Mpunda|5272
4249|18|292|5272020|Rasanae Timur|5272
4250|18|292|5272021|Raba|5272
4251|18|292|5272030|Asakota|5272
4252|19|293|5301021|Lamboya|5301
4253|19|293|5301022|Wanokaka|5301
4254|19|293|5301023|Laboya Barat|5301
4255|19|293|5301050|Loli|5301
4256|19|293|5301060|Kota Waikabubak|5301
4257|19|293|5301072|Tana Righu|5301
4258|19|294|5302010|Lewa|5302
4259|19|294|5302011|Nggaha Oriangu|5302
4260|19|294|5302012|Lewa Tidahu|5302
4261|19|294|5302013|Katala Hamu Lingu|5302
4262|19|294|5302020|Tabundung|5302
4263|19|294|5302021|Pinupahar|5302
4264|19|294|5302030|Paberiwai|5302
4265|19|294|5302031|Karera|5302
4266|19|294|5302032|Matawai La Pawu|5302
4267|19|294|5302033|Kahaungu Eti|5302
4268|19|294|5302034|Mahu|5302
4269|19|294|5302035|Ngadu Ngala|5302
4270|19|294|5302040|Pahunga Lodu|5302
4271|19|294|5302041|Wula Waijelu|5302
4272|19|294|5302051|Rindi|5302
4273|19|294|5302052|Umalulu|5302
4274|19|294|5302060|Pandawai|5302
4275|19|294|5302061|Kambata Mapambuhang|5302
4276|19|294|5302070|Kota Waingapu|5302
4277|19|294|5302071|Kambera|5302
4278|19|294|5302080|Haharu|5302
4279|19|294|5302081|Kanatang|5302
4280|19|295|5303100|Semau|5303
4281|19|295|5303101|Semau Selatan|5303
4282|19|295|5303110|Kupang Barat|5303
4283|19|295|5303111|Nekamese|5303
4284|19|295|5303120|Kupang Tengah|5303
4285|19|295|5303121|Taebenu|5303
4286|19|295|5303130|Amarasi|5303
4287|19|295|5303131|Amarasi Barat|5303
4288|19|295|5303132|Amarasi Selatan|5303
4289|19|295|5303133|Amarasi Timur|5303
4290|19|295|5303140|Kupang Timur|5303
4291|19|295|5303141|Amabi Oefeto Timur|5303
4292|19|295|5303142|Amabi Oefeto|5303
4293|19|295|5303150|Sulamu|5303
4294|19|295|5303160|Fatuleu|5303
4295|19|295|5303161|Fatuleu Tengah|5303
4296|19|295|5303162|Fatuleu Barat|5303
4297|19|295|5303170|Takari|5303
4298|19|295|5303180|Amfoang Selatan|5303
4299|19|295|5303181|Amfoang Barat Daya|5303
4300|19|295|5303182|Amfoang Tengah|5303
4301|19|295|5303190|Amfoang Utara|5303
4302|19|295|5303191|Amfoang Barat Laut|5303
4303|19|295|5303192|Amfoang Timur|5303
4304|19|296|5304010|Mollo Utara|5304
4305|19|296|5304011|Fatumnasi|5304
4306|19|296|5304012|Tobu|5304
4307|19|296|5304013|Nunbena|5304
4308|19|296|5304020|Mollo Selatan|5304
4309|19|296|5304021|Polen|5304
4310|19|296|5304022|Mollo Barat|5304
4311|19|296|5304023|Mollo Tengah|5304
4312|19|296|5304030|Kota Soe|5304
4313|19|296|5304040|Amanuban Barat|5304
4314|19|296|5304041|Batu Putih|5304
4315|19|296|5304042|Kuatnana|5304
4316|19|296|5304050|Amanuban Selatan|5304
4317|19|296|5304051|Noebeba|5304
4318|19|296|5304060|Kuan Fatu|5304
4319|19|296|5304061|Kualin|5304
4320|19|296|5304070|Amanuban Tengah|5304
4321|19|296|5304071|Kolbano|5304
4322|19|296|5304072|Oenino|5304
4323|19|296|5304080|Amanuban Timur|5304
4324|19|296|5304081|Fautmolo|5304
4325|19|296|5304082|Fatukopa|5304
4326|19|296|5304090|Kie|5304
4327|19|296|5304091|kotolin'|5304
4328|19|296|5304100|Amanatun Selatan|5304
4329|19|296|5304101|Boking|5304
4330|19|296|5304102|Nunkolo|5304
4331|19|296|5304103|Noebana|5304
4332|19|296|5304104|Santian|5304
4333|19|296|5304110|Amanatun Utara|5304
4334|19|296|5304111|Toianas|5304
4335|19|296|5304112|Kokbaun|5304
4336|19|297|5305010|Miomaffo Barat|5305
4337|19|297|5305011|Miomaffo Tengah|5305
4338|19|297|5305012|Musi|5305
4339|19|297|5305013|Mutis|5305
4340|19|297|5305020|Miomaffo Timur|5305
4341|19|297|5305021|Noemuti|5305
4342|19|297|5305022|Bikomi Selatan|5305
4343|19|297|5305023|Bikomi Tengah|5305
4344|19|297|5305024|Bikomi Nilulat|5305
4345|19|297|5305025|Bikomi Utara|5305
4346|19|297|5305026|Naibenu|5305
4347|19|297|5305027|Noemuti Timur|5305
4348|19|297|5305030|Kota Kefamenanu|5305
4349|19|297|5305040|Insana|5305
4350|19|297|5305041|Insana Utara|5305
4351|19|297|5305042|Insana Barat|5305
4352|19|297|5305043|Insana Tengah|5305
4353|19|297|5305044|Insana Fafinesu|5305
4354|19|297|5305050|Biboki Selatan|5305
4355|19|297|5305051|Biboki Tanpah|5305
4356|19|297|5305052|Biboki Moenleu|5305
4357|19|297|5305060|Biboki Utara|5305
4358|19|297|5305061|Biboki Anleu|5305
4359|19|297|5305062|Biboki Feotleu|5305
4360|19|298|5306032|Rai Manuk|5306
4361|19|298|5306050|Tasifeto Barat|5306
4362|19|298|5306051|Kakuluk Mesak|5306
4363|19|298|5306052|Nanaet Dubesi|5306
4364|19|298|5306060|Atambua|5306
4365|19|298|5306061|Atambua Barat|5306
4366|19|298|5306062|Atambua Selatan|5306
4367|19|298|5306070|Tasifeto Timur|5306
4368|19|298|5306071|Raihat|5306
4369|19|298|5306072|Lasiolat|5306
4370|19|298|5306080|Lamaknen|5306
4371|19|298|5306081|Lamaknen Selatan|5306
4372|19|299|5307010|Pantar|5307
4373|19|299|5307011|Pantar Barat|5307
4374|19|299|5307012|Pantar Timur|5307
4375|19|299|5307013|Pantar Barat Laut|5307
4376|19|299|5307014|Pantar Tengah|5307
4377|19|299|5307020|Alor Barat Daya|5307
4378|19|299|5307021|Mataru|5307
4379|19|299|5307030|Alor Selatan|5307
4380|19|299|5307040|Alor Timur|5307
4381|19|299|5307041|Alor Timur Laut|5307
4382|19|299|5307042|Pureman|5307
4383|19|299|5307050|Teluk Mutiara|5307
4384|19|299|5307051|Kabola|5307
4385|19|299|5307060|Alor Barat Laut|5307
4386|19|299|5307061|Alor Tengah Utara|5307
4387|19|299|5307062|Pulau Pura|5307
4388|19|299|5307063|Lembur|5307
4389|19|300|5308010|Nagawutung|5308
4390|19|300|5308011|Wulandoni|5308
4391|19|300|5308020|Atadei|5308
4392|19|300|5308030|Ile Ape|5308
4393|19|300|5308031|Ile Ape Timur|5308
4394|19|300|5308040|Lebatukan|5308
4395|19|300|5308050|Nubatukan|5308
4396|19|300|5308060|Omesuri|5308
4397|19|300|5308070|Buyasari|5308
4398|19|301|5309010|Wulanggitang|5309
4399|19|301|5309011|Titehena|5309
4400|19|301|5309012|Ilebura|5309
4401|19|301|5309020|Tanjung Bunga|5309
4402|19|301|5309021|Lewo Lema|5309
4403|19|301|5309030|Larantuka|5309
4404|19|301|5309031|Ile Mandiri|5309
4405|19|301|5309032|Demon Pagong|5309
4406|19|301|5309040|Solor Barat|5309
4407|19|301|5309041|Solor Selatan|5309
4408|19|301|5309050|Solor Timur|5309
4409|19|301|5309060|Adonara Barat|5309
4410|19|301|5309061|Wotan Ulu Mado|5309
4411|19|301|5309062|Adonara Tengah|5309
4412|19|301|5309070|Adonara Timur|5309
4413|19|301|5309071|Ile Boleng|5309
4414|19|301|5309072|Witihama|5309
4415|19|301|5309073|Kelubagolit|5309
4416|19|301|5309074|Adonara|5309
4417|19|302|5310010|Paga|5310
4418|19|302|5310011|Mego|5310
4419|19|302|5310012|Tana Wawo|5310
4420|19|302|5310020|Lela|5310
4421|19|302|5310030|Bola|5310
4422|19|302|5310031|Doreng|5310
4423|19|302|5310032|Mapitara|5310
4424|19|302|5310040|Talibura|5310
4425|19|302|5310041|Waigete|5310
4426|19|302|5310042|Waiblama|5310
4427|19|302|5310050|Kewapante|5310
4428|19|302|5310051|Hewokloang|5310
4429|19|302|5310052|Kangae|5310
4430|19|302|5310061|Palue|5310
4431|19|302|5310062|Koting|5310
4432|19|302|5310063|Nelle|5310
4433|19|302|5310070|Nita|5310
4434|19|302|5310071|Magepanda|5310
4435|19|302|5310080|Alok|5310
4436|19|302|5310081|Alok Barat|5310
4437|19|302|5310082|Alok Timur|5310
4438|19|303|5311010|Nangapanda|5311
4439|19|303|5311011|Pulau Ende|5311
4440|19|303|5311012|Maukaro|5311
4441|19|303|5311020|Ende|5311
4442|19|303|5311030|Ende Selatan|5311
4443|19|303|5311031|Ende Timur|5311
4444|19|303|5311032|Ende Tengah|5311
4445|19|303|5311033|Ende Utara|5311
4446|19|303|5311040|Ndona|5311
4447|19|303|5311041|Ndona Timur|5311
4448|19|303|5311050|Wolowaru|5311
4449|19|303|5311051|Wolojita|5311
4450|19|303|5311052|Lio Timur|5311
4451|19|303|5311053|Kelimutu|5311
4452|19|303|5311054|Ndori|5311
4453|19|303|5311060|Maurole|5311
4454|19|303|5311061|Kotabaru|5311
4455|19|303|5311062|Detukeli|5311
4456|19|303|5311063|Lepembusu Kelisoke|5311
4457|19|303|5311070|Detusoko|5311
4458|19|303|5311071|Wewaria|5311
4459|19|304|5312010|Aimere|5312
4460|19|304|5312011|Jerebuu|5312
4461|19|304|5312012|Inerie|5312
4462|19|304|5312020|Bajawa|5312
4463|19|304|5312030|Golewa|5312
4464|19|304|5312031|Golewa Selatan|5312
4465|19|304|5312032|Golewa Barat|5312
4466|19|304|5312070|Bajawa Utara|5312
4467|19|304|5312071|Soa|5312
4468|19|304|5312080|Riung|5312
4469|19|304|5312081|Riung Barat|5312
4470|19|304|5312082|Wolomeze|5312
4471|19|305|5313040|Satar Mese|5313
4472|19|305|5313041|Satar Mese Barat|5313
4473|19|305|5313042|Satar Mese Utara|5313
4474|19|305|5313110|Langke Rembong|5313
4475|19|305|5313120|Ruteng|5313
4476|19|305|5313121|Wae Rii|5313
4477|19|305|5313122|Lelak|5313
4478|19|305|5313123|Rahong Utara|5313
4479|19|305|5313130|Cibal|5313
4480|19|305|5313131|Cibal Barat|5313
4481|19|305|5313140|Reok|5313
4482|19|305|5313141|Reok Barat|5313
4483|19|306|5314010|Rote Barat Daya|5314
4484|19|306|5314020|Rote Barat Laut|5314
4485|19|306|5314030|Lobalain|5314
4486|19|306|5314040|Rote Tengah|5314
4487|19|306|5314041|Rote Selatan|5314
4488|19|306|5314050|Pantai Baru|5314
4489|19|306|5314060|Rote Timur|5314
4490|19|306|5314061|Landu Leko|5314
4491|19|306|5314070|Rote Barat|5314
4492|19|306|5314071|Ndao Nuse|5314
4493|19|307|5315010|Komodo|5315
4494|19|307|5315011|Boleng|5315
4495|19|307|5315020|Sano Nggoang|5315
4496|19|307|5315021|Mbeliling|5315
4497|19|307|5315030|Lembor|5315
4498|19|307|5315031|Welak|5315
4499|19|307|5315032|Lembor Selatan|5315
4500|19|307|5315040|Kuwus|5315
4501|19|307|5315041|Ndoso|5315
4502|19|307|5315050|Macang Pacar|5315
4503|19|308|5316010|Katikutana|5316
4504|19|308|5316011|Katikutana Selatan|5316
4505|19|308|5316020|Umbu Ratu Nggay Barat|5316
4506|19|308|5316030|Umbu Ratu Nggay|5316
4507|19|308|5316040|Mamboro|5316
4508|19|309|5317010|Kodi Bangedo|5317
4509|19|309|5317011|Kodi Balaghar|5317
4510|19|309|5317020|Kodi|5317
4511|19|309|5317030|Kodi Utara|5317
4512|19|309|5317040|Wewewa Selatan|5317
4513|19|309|5317050|Wewewa Barat|5317
4514|19|309|5317060|Wewewa Timur|5317
4515|19|309|5317061|Wewewa Tengah|5317
4516|19|309|5317070|Wewewa Utara|5317
4517|19|309|5317080|Loura|5317
4518|19|309|5317081|Kota Tambolaka|5317
4519|19|310|5318010|Mauponggo|5318
4520|19|310|5318020|Keo Tengah|5318
4521|19|310|5318030|Nangaroro|5318
4522|19|310|5318040|Boawae|5318
4523|19|310|5318050|Aesesa Selatan|5318
4524|19|310|5318060|Aesesa|5318
4525|19|310|5318070|Wolowae|5318
4526|19|311|5319010|Borong|5319
4527|19|311|5319011|Rana Mese|5319
4528|19|311|5319020|Kota Komba|5319
4529|19|311|5319030|Elar|5319
4530|19|311|5319031|Elar Selatan|5319
4531|19|311|5319040|Sambi Rampas|5319
4532|19|311|5319050|Poco Ranaka|5319
4533|19|311|5319051|Poco Ranaka Timur|5319
4534|19|311|5319060|Lamba Leda|5319
4535|19|312|5320010|Raijua|5320
4536|19|312|5320020|Hawu Mehara|5320
4537|19|312|5320030|Sabu Liae|5320
4538|19|312|5320040|Sabu Barat|5320
4539|19|312|5320050|Sabu Tengah|5320
4540|19|312|5320060|Sabu Timur|5320
4541|19|313|5321010|Wewiku|5321
4542|19|313|5321020|Malaka Barat|5321
4543|19|313|5321030|Weliman|5321
4544|19|313|5321040|Rinhat|5321
4545|19|313|5321050|Io Kufeu|5321
4546|19|313|5321060|Sasita Mean|5321
4547|19|313|5321070|Malaka Tengah|5321
4548|19|313|5321080|Botin Leobele|5321
4549|19|313|5321090|Laen Manen|5321
4550|19|313|5321100|Malaka Timur|5321
4551|19|313|5321110|Kobalima|5321
4552|19|313|5321120|Kobalima Timur|5321
4553|19|314|5371010|Alak|5371
4554|19|314|5371020|Maulafa|5371
4555|19|314|5371030|Oebobo|5371
4556|19|314|5371031|Kota Raja|5371
4557|19|314|5371040|Kelapa Lima|5371
4558|19|314|5371041|Kota Lama|5371
4559|20|315|6101010|Selakau|6101
4560|20|315|6101011|Selakau Timur|6101
4561|20|315|6101020|Pemangkat|6101
4562|20|315|6101021|Semparuk|6101
4563|20|315|6101022|Salatiga|6101
4564|20|315|6101030|Tebas|6101
4565|20|315|6101031|Tekarang|6101
4566|20|315|6101040|Sambas|6101
4567|20|315|6101041|Subah|6101
4568|20|315|6101042|Sebawi|6101
4569|20|315|6101043|Sajad|6101
4570|20|315|6101050|Jawai|6101
4571|20|315|6101051|Jawai Selatan|6101
4572|20|315|6101060|Teluk Keramat|6101
4573|20|315|6101061|Galing|6101
4574|20|315|6101062|Tangaran|6101
4575|20|315|6101070|Sejangkung|6101
4576|20|315|6101080|Sajingan Besar|6101
4577|20|315|6101090|Paloh|6101
4578|20|316|6102010|Sungai Raya|6102
4579|20|316|6102011|Capkala|6102
4580|20|316|6102012|Sungai Raya Kepulauan|6102
4581|20|316|6102030|Samalantan|6102
4582|20|316|6102031|Monterado|6102
4583|20|316|6102032|Lembah Bawang|6102
4584|20|316|6102040|Bengkayang|6102
4585|20|316|6102041|Teriak|6102
4586|20|316|6102042|Sungai Betung|6102
4587|20|316|6102050|Ledo|6102
4588|20|316|6102051|Suti Semarang|6102
4589|20|316|6102052|Lumar|6102
4590|20|316|6102060|Sanggau Ledo|6102
4591|20|316|6102061|Tujuhbelas|6102
4592|20|316|6102070|Seluas|6102
4593|20|316|6102080|Jagoi Babang|6102
4594|20|316|6102081|Siding|6102
4595|20|317|6103020|Sebangki|6103
4596|20|317|6103030|Ngabang|6103
4597|20|317|6103031|Jelimpo|6103
4598|20|317|6103040|Sengah Temila|6103
4599|20|317|6103050|Mandor|6103
4600|20|317|6103060|Menjalin|6103
4601|20|317|6103070|Mempawah Hulu|6103
4602|20|317|6103071|Sompak|6103
4603|20|317|6103080|Menyuke|6103
4604|20|317|6103081|Banyuke Hulu|6103
4605|20|317|6103090|Meranti|6103
4606|20|317|6103100|Kuala Behe|6103
4607|20|317|6103110|Air Besar|6103
4608|20|318|6104080|Siantan|6104
4609|20|318|6104081|Segedong|6104
4610|20|318|6104090|Sungai Pinyuh|6104
4611|20|318|6104091|Anjongan|6104
4612|20|318|6104100|Mempawah Hilir|6104
4613|20|318|6104101|Mempawah Timur|6104
4614|20|318|6104110|Sungai Kunyit|6104
4615|20|318|6104120|Toho|6104
4616|20|318|6104121|Sadaniang|6104
4617|20|319|6105010|Toba|6105
4618|20|319|6105020|Meliau|6105
4619|20|319|6105060|Kapuas|6105
4620|20|319|6105070|Mukok|6105
4621|20|319|6105120|Jangkang|6105
4622|20|319|6105130|Bonti|6105
4623|20|319|6105140|Parindu|6105
4624|20|319|6105150|Tayan Hilir|6105
4625|20|319|6105160|Balai|6105
4626|20|319|6105170|Tayan Hulu|6105
4627|20|319|6105180|Kembayan|6105
4628|20|319|6105190|Beduwai|6105
4629|20|319|6105200|Noyan|6105
4630|20|319|6105210|Sekayam|6105
4631|20|319|6105220|Entikong|6105
4632|20|320|6106010|Kendawangan|6106
4633|20|320|6106020|Manis Mata|6106
4634|20|320|6106030|Marau|6106
4635|20|320|6106031|Singkup|6106
4636|20|320|6106032|Air Upas|6106
4637|20|320|6106040|Jelai Hulu|6106
4638|20|320|6106050|Tumbang Titi|6106
4639|20|320|6106051|Pemahan|6106
4640|20|320|6106052|Sungai Melayu Rayak|6106
4641|20|320|6106060|Matan Hilir Selatan|6106
4642|20|320|6106061|Benua Kayong|6106
4643|20|320|6106070|Matan Hilir Utara|6106
4644|20|320|6106071|Delta Pawan|6106
4645|20|320|6106072|Muara Pawan|6106
4646|20|320|6106090|Nanga Tayap|6106
4647|20|320|6106100|Sandai|6106
4648|20|320|6106101|Hulu Sungai|6106
4649|20|320|6106110|Sungai Laur|6106
4650|20|320|6106120|Simpang Hulu|6106
4651|20|320|6106121|Simpang Dua|6106
4652|20|321|6107060|Serawai|6107
4653|20|321|6107070|Ambalau|6107
4654|20|321|6107080|Kayan Hulu|6107
4655|20|321|6107110|Sepauk|6107
4656|20|321|6107120|Tempunak|6107
4657|20|321|6107130|Sungai Tebelian|6107
4658|20|321|6107140|Sintang|6107
4659|20|321|6107150|Dedai|6107
4660|20|321|6107160|Kayan Hilir|6107
4661|20|321|6107170|Kelam Permai|6107
4662|20|321|6107180|Binjai Hulu|6107
4663|20|321|6107190|Ketungau Hilir|6107
4664|20|321|6107200|Ketungau Tengah|6107
4665|20|321|6107210|Ketungau Hulu|6107
4666|20|322|6108010|Silat Hilir|6108
4667|20|322|6108020|Silat Hulu|6108
4668|20|322|6108030|Hulu Gurung|6108
4669|20|322|6108040|Bunut Hulu|6108
4670|20|322|6108050|Mentebah|6108
4671|20|322|6108060|Bika|6108
4672|20|322|6108070|Kalis|6108
4673|20|322|6108080|Putussibau Selatan|6108
4674|20|322|6108090|Embaloh Hilir|6108
4675|20|322|6108100|Bunut Hilir|6108
4676|20|322|6108110|Boyan Tanjung|6108
4677|20|322|6108120|Pengkadan|6108
4678|20|322|6108130|Jongkong|6108
4679|20|322|6108140|Selimbau|6108
4680|20|322|6108150|Suhaid|6108
4681|20|322|6108160|Seberuang|6108
4682|20|322|6108170|Semitau|6108
4683|20|322|6108180|Empanang|6108
4684|20|322|6108190|Puring Kencana|6108
4685|20|322|6108200|Badau|6108
4686|20|322|6108210|Batang Lupar|6108
4687|20|322|6108220|Embaloh Hulu|6108
4688|20|322|6108230|Putussibau Utara|6108
4689|20|323|6109010|Nanga Mahap|6109
4690|20|323|6109020|Nanga Taman|6109
4691|20|323|6109030|Sekadau Hulu|6109
4692|20|323|6109040|Sekadau Hilir|6109
4693|20|323|6109050|Belitang Hilir|6109
4694|20|323|6109060|Belitang|6109
4695|20|323|6109070|Belitang Hulu|6109
4696|20|324|6110010|Sokan|6110
4697|20|324|6110020|Tanah Pinoh|6110
4698|20|324|6110021|Tanah Pinoh Barat|6110
4699|20|324|6110030|Sayan|6110
4700|20|324|6110040|Belimbing|6110
4701|20|324|6110041|Belimbing Hulu|6110
4702|20|324|6110050|Nanga Pinoh|6110
4703|20|324|6110051|Pinoh Selatan|6110
4704|20|324|6110052|Pinoh Utara|6110
4705|20|324|6110060|Ella Hilir|6110
4706|20|324|6110070|Menukung|6110
4707|20|325|6111010|Pulau Maya|6111
4708|20|325|6111011|Kepulauan Karimata|6111
4709|20|325|6111020|Sukadana|6111
4710|20|325|6111030|Simpang Hilir|6111
4711|20|325|6111040|Teluk Batang|6111
4712|20|325|6111050|Seponti|6111
4713|20|326|6112010|Batu Ampar|6112
4714|20|326|6112020|Terentang|6112
4715|20|326|6112030|Kubu|6112
4716|20|326|6112040|telok pakedai'|6112
4717|20|326|6112050|Sungai Kakap|6112
4718|20|326|6112060|Rasau Jaya|6112
4719|20|326|6112070|Sungai Raya|6112
4720|20|326|6112080|Sungai Ambawang|6112
4721|20|326|6112090|Kuala Mandor-b|6112
4722|20|327|6171010|Pontianak Selatan|6171
4723|20|327|6171011|Pontianak Tenggara|6171
4724|20|327|6171020|Pontianak Timur|6171
4725|20|327|6171030|Pontianak Barat|6171
4726|20|327|6171031|Pontianak Kota|6171
4727|20|327|6171040|Pontianak Utara|6171
4728|20|328|6172010|Singkawang Selatan|6172
4729|20|328|6172020|Singkawang Timur|6172
4730|20|328|6172030|Singkawang Utara|6172
4731|20|328|6172040|Singkawang Barat|6172
4732|20|328|6172050|Singkawang Tengah|6172
4733|21|329|6201040|Kotawaringin Lama|6201
4734|21|329|6201050|Arut Selatan|6201
4735|21|329|6201060|Kumai|6201
4736|21|329|6201061|Pangkalan Banteng|6201
4737|21|329|6201062|Pangkalan Lada|6201
4738|21|329|6201070|Arut Utara|6201
4739|21|330|6202020|Mentaya Hilir Selatan|6202
4740|21|330|6202021|Teluk Sampit|6202
4741|21|330|6202050|Pulau Hanaut|6202
4742|21|330|6202060|Mentawa Baru/ketapang|6202
4743|21|330|6202061|Seranau|6202
4744|21|330|6202070|Mentaya Hilir Utara|6202
4745|21|330|6202110|Kota Besi|6202
4746|21|330|6202111|Telawang|6202
4747|21|330|6202120|Baamang|6202
4748|21|330|6202190|Cempaga|6202
4749|21|330|6202191|Cempaga Hulu|6202
4750|21|330|6202200|Parenggean|6202
4751|21|330|6202201|Tualan Hulu|6202
4752|21|330|6202210|Mentaya Hulu|6202
4753|21|330|6202211|Bukit Santuai|6202
4754|21|330|6202230|Antang Kalang|6202
4755|21|330|6202231|Telaga Antang|6202
4756|21|331|6203020|Kapuas Kuala|6203
4757|21|331|6203021|Tamban Catur|6203
4758|21|331|6203030|Kapuas Timur|6203
4759|21|331|6203040|Selat|6203
4760|21|331|6203041|Bataguh|6203
4761|21|331|6203070|Basarang|6203
4762|21|331|6203080|Kapuas Hilir|6203
4763|21|331|6203090|Pulau Petak|6203
4764|21|331|6203100|Kapuas Murung|6203
4765|21|331|6203101|Dadahup|6203
4766|21|331|6203110|Kapuas Barat|6203
4767|21|331|6203150|Mantangai|6203
4768|21|331|6203160|Timpah|6203
4769|21|331|6203170|Kapuas Tengah|6203
4770|21|331|6203171|Pasak Talawang|6203
4771|21|331|6203180|Kapuas Hulu|6203
4772|21|331|6203181|Mandau Talawang|6203
4773|21|332|6204010|Jenamas|6204
4774|21|332|6204020|Dusun Hilir|6204
4775|21|332|6204030|Karau Kuala|6204
4776|21|332|6204040|Dusun Selatan|6204
4777|21|332|6204050|Dusun Utara|6204
4778|21|332|6204060|Gunung Bintang Awai|6204
4779|21|333|6205010|Montallat|6205
4780|21|333|6205020|Gunung Timang|6205
4781|21|333|6205030|Gunung Purei|6205
4782|21|333|6205040|Teweh Timur|6205
4783|21|333|6205050|Teweh Tengah|6205
4784|21|333|6205051|Teweh  Baru|6205
4785|21|333|6205052|Teweh Selatan|6205
4786|21|333|6205060|Lahei|6205
4787|21|333|6205061|Lahei Barat|6205
4788|21|334|6206010|Jelai|6206
4789|21|334|6206011|Pantai Lunci|6206
4790|21|334|6206020|Sukamara|6206
4791|21|334|6206030|Balai Riam|6206
4792|21|334|6206031|Permata Kecubung|6206
4793|21|335|6207010|Bulik|6207
4794|21|335|6207011|Sematu Jaya|6207
4795|21|335|6207012|Menthobi Raya|6207
4796|21|335|6207013|Bulik Timur|6207
4797|21|335|6207020|Lamandau|6207
4798|21|335|6207021|Belantikan Raya|6207
4799|21|335|6207030|Delang|6207
4800|21|335|6207031|Batangkawa|6207
4801|21|336|6208010|Seruyan Hilir|6208
4802|21|336|6208011|Seruyan Hilir Timur|6208
4803|21|336|6208020|Danau Sembuluh|6208
4804|21|336|6208021|Seruyan Raya|6208
4805|21|336|6208030|Hanau|6208
4806|21|336|6208031|Danau Seluluk|6208
4807|21|336|6208040|Seruyan Tengah|6208
4808|21|336|6208041|Batu Ampar|6208
4809|21|336|6208050|Seruyan Hulu|6208
4810|21|336|6208051|Suling Tambun|6208
4811|21|337|6209010|Katingan Kuala|6209
4812|21|337|6209020|Mendawai|6209
4813|21|337|6209030|Kamipang|6209
4814|21|337|6209040|Tasik Payawan|6209
4815|21|337|6209050|Katingan Hilir|6209
4816|21|337|6209060|Tewang Sangalang Garing|6209
4817|21|337|6209070|Pulau Malan|6209
4818|21|337|6209080|Katingan Tengah|6209
4819|21|337|6209090|Sanaman Mantikei|6209
4820|21|337|6209091|Petak Malai|6209
4821|21|337|6209100|Marikit|6209
4822|21|337|6209110|Katingan Hulu|6209
4823|21|337|6209111|Bukit Raya|6209
4824|21|338|6210010|Kahayan Kuala|6210
4825|21|338|6210011|Sebangau Kuala|6210
4826|21|338|6210020|Pandih Batu|6210
4827|21|338|6210030|Maliku|6210
4828|21|338|6210040|Kahayan Hilir|6210
4829|21|338|6210041|Jabiren Raya|6210
4830|21|338|6210050|Kahayan Tengah|6210
4831|21|338|6210060|Banama Tingang|6210
4832|21|339|6211010|Manuhing|6211
4833|21|339|6211011|Manuhing Raya|6211
4834|21|339|6211020|Rungan|6211
4835|21|339|6211021|Rungan Hulu|6211
4836|21|339|6211022|Rungan Barat|6211
4837|21|339|6211030|Sepang|6211
4838|21|339|6211031|Mihing Raya|6211
4839|21|339|6211040|Kurun|6211
4840|21|339|6211050|Tewah|6211
4841|21|339|6211060|Kahayan Hulu Utara|6211
4842|21|339|6211061|Damang Batu|6211
4843|21|339|6211062|Miri Manasa|6211
4844|21|340|6212010|Benua Lima|6212
4845|21|340|6212020|Dusun Timur|6212
4846|21|340|6212021|Paju Epat|6212
4847|21|340|6212030|Awang|6212
4848|21|340|6212040|Patangkep Tutui|6212
4849|21|340|6212050|Dusun Tengah|6212
4850|21|340|6212051|Raren Batuah|6212
4851|21|340|6212052|Paku|6212
4852|21|340|6212053|Karusen Janang|6212
4853|21|340|6212060|Pematang Karau|6212
4854|21|341|6213010|Permata Intan|6213
4855|21|341|6213011|Sungai Babuat|6213
4856|21|341|6213020|Murung|6213
4857|21|341|6213030|Laung Tuhup|6213
4858|21|341|6213031|Barito Tuhup Raya|6213
4859|21|341|6213040|Tanah Siang|6213
4860|21|341|6213041|Tanah Siang Selatan|6213
4861|21|341|6213050|Sumber Barito|6213
4862|21|341|6213051|Seribu Riam|6213
4863|21|341|6213052|Uut Murung|6213
4864|21|342|6271010|Pahandut|6271
4865|21|342|6271011|Sabangau|6271
4866|21|342|6271012|Jekan Raya|6271
4867|21|342|6271020|Bukit Batu|6271
4868|21|342|6271021|Rakumpit|6271
4869|22|343|6301010|Panyipatan|6301
4870|22|343|6301020|Takisung|6301
4871|22|343|6301030|Kurau|6301
4872|22|343|6301031|Bumi Makmur|6301
4873|22|343|6301040|Bati -Bati|6301
4874|22|343|6301050|Tambang Ulang|6301
4875|22|343|6301060|Pelaihari|6301
4876|22|343|6301061|Bajuin|6301
4877|22|343|6301070|Batu Ampar|6301
4878|22|343|6301080|Jorong|6301
4879|22|343|6301090|Kintap|6301
4880|22|344|6302010|Pulau Sembilan|6302
4881|22|344|6302020|Pulau Laut Barat|6302
4882|22|344|6302021|Pulau Laut Tanjung Selayar|6302
4883|22|344|6302030|Pulau Laut Selatan|6302
4884|22|344|6302031|Pulau Laut Kepulauan|6302
4885|22|344|6302040|Pulau Laut Timur|6302
4886|22|344|6302050|Pulau Sebuku|6302
4887|22|344|6302060|Pulau Laut Utara|6302
4888|22|344|6302061|Pulau Laut Tengah|6302
4889|22|344|6302120|Kelumpang Selatan|6302
4890|22|344|6302121|Kelumpang Hilir|6302
4891|22|344|6302130|Kelumpang Hulu|6302
4892|22|344|6302140|Hampang|6302
4893|22|344|6302150|Sungai Durian|6302
4894|22|344|6302160|Kelumpang Tengah|6302
4895|22|344|6302161|Kelumpang Barat|6302
4896|22|344|6302170|Kelumpang Utara|6302
4897|22|344|6302180|Pamukan Selatan|6302
4898|22|344|6302190|Sampanahan|6302
4899|22|344|6302200|Pamukan Utara|6302
4900|22|344|6302201|Pamukan Barat|6302
4901|22|345|6303010|Aluh -Aluh|6303
4902|22|345|6303011|Beruntung Baru|6303
4903|22|345|6303020|Gambut|6303
4904|22|345|6303030|Kertak Hanyar|6303
4905|22|345|6303031|Tatah Makmur|6303
4906|22|345|6303040|Sungai Tabuk|6303
4907|22|345|6303050|Martapura|6303
4908|22|345|6303051|Martapura Timur|6303
4909|22|345|6303052|Martapura Barat|6303
4910|22|345|6303060|Astambul|6303
4911|22|345|6303070|Karang Intan|6303
4912|22|345|6303080|Aranio|6303
4913|22|345|6303090|Sungai Pinang|6303
4914|22|345|6303091|Paramasan|6303
4915|22|345|6303100|Pengaron|6303
4916|22|345|6303101|Sambung Makmur|6303
4917|22|345|6303110|Mataraman|6303
4918|22|345|6303120|Simpang Empat|6303
4919|22|345|6303121|Telaga Bauntung|6303
4920|22|346|6304010|Tabunganen|6304
4921|22|346|6304020|Tamban|6304
4922|22|346|6304030|Mekar Sari|6304
4923|22|346|6304040|Anjir Pasar|6304
4924|22|346|6304050|Anjir Muara|6304
4925|22|346|6304060|Alalak|6304
4926|22|346|6304070|Mandastana|6304
4927|22|346|6304071|Jejangkit|6304
4928|22|346|6304080|Belawang|6304
4929|22|346|6304090|Wanaraya|6304
4930|22|346|6304100|Barambai|6304
4931|22|346|6304110|Rantau Badauh|6304
4932|22|346|6304120|Cerbon|6304
4933|22|346|6304130|Bakumpai|6304
4934|22|346|6304140|Marabahan|6304
4935|22|346|6304150|Tabukan|6304
4936|22|346|6304160|Kuripan|6304
4937|22|347|6305010|Binuang|6305
4938|22|347|6305011|Hatungun|6305
4939|22|347|6305020|Tapin Selatan|6305
4940|22|347|6305021|Salam Babaris|6305
4941|22|347|6305030|Tapin Tengah|6305
4942|22|347|6305040|Bungur|6305
4943|22|347|6305050|Piani|6305
4944|22|347|6305060|Lokpaikat|6305
4945|22|347|6305070|Tapin Utara|6305
4946|22|347|6305080|Bakarangan|6305
4947|22|347|6305090|Candi Laras Selatan|6305
4948|22|347|6305100|Candi Laras Utara|6305
4949|22|348|6306010|Padang Batung|6306
4950|22|348|6306020|Loksado|6306
4951|22|348|6306030|Telaga Langsat|6306
4952|22|348|6306040|Angkinang|6306
4953|22|348|6306050|Kandangan|6306
4954|22|348|6306060|Sungai Raya|6306
4955|22|348|6306070|Simpur|6306
4956|22|348|6306080|Kalumpang|6306
4957|22|348|6306090|Daha Selatan|6306
4958|22|348|6306091|Daha Barat|6306
4959|22|348|6306100|Daha Utara|6306
4960|22|349|6307010|Haruyan|6307
4961|22|349|6307020|Batu Benawa|6307
4962|22|349|6307030|Hantakan|6307
4963|22|349|6307040|Batang Alai Selatan|6307
4964|22|349|6307041|Batang Alai Timur|6307
4965|22|349|6307050|Barabai|6307
4966|22|349|6307060|Labuan Amas Selatan|6307
4967|22|349|6307070|Labuan Amas Utara|6307
4968|22|349|6307080|Pandawan|6307
4969|22|349|6307090|Batang Alai Utara|6307
4970|22|349|6307091|Limpasu|6307
4971|22|350|6308010|Danau Panggang|6308
4972|22|350|6308011|Paminggir|6308
4973|22|350|6308020|Babirik|6308
4974|22|350|6308030|Sungai Pandan|6308
4975|22|350|6308031|Sungai Tabukan|6308
4976|22|350|6308040|Amuntai Selatan|6308
4977|22|350|6308050|Amuntai Tengah|6308
4978|22|350|6308060|Banjang|6308
4979|22|350|6308070|Amuntai Utara|6308
4980|22|350|6308071|Haur Gading|6308
4981|22|351|6309010|Banua Lawas|6309
4982|22|351|6309020|Pugaan|6309
4983|22|351|6309030|Kelua|6309
4984|22|351|6309040|Muara Harus|6309
4985|22|351|6309050|Tanta|6309
4986|22|351|6309060|Tanjung|6309
4987|22|351|6309070|Murung Pudak|6309
4988|22|351|6309080|Haruai|6309
4989|22|351|6309081|Bintang Ara|6309
4990|22|351|6309090|Upau|6309
4991|22|351|6309100|Muara Uya|6309
4992|22|351|6309110|Jaro|6309
4993|22|352|6310010|Kusan Hilir|6310
4994|22|352|6310020|Sungai Loban|6310
4995|22|352|6310030|Satui|6310
4996|22|352|6310031|Angsana|6310
4997|22|352|6310040|Kusan Hulu|6310
4998|22|352|6310041|Kuranji|6310
4999|22|352|6310050|Batu Licin|6310
5000|22|352|6310051|Karang Bintang|6310
5001|22|352|6310052|Simpang Empat|6310
5002|22|352|6310053|Mantewe|6310
5003|22|353|6311010|Lampihong|6311
5004|22|353|6311020|Batu Mandi|6311
5005|22|353|6311030|Awayan|6311
5006|22|353|6311031|Tebing Tinggi|6311
5007|22|353|6311040|Paringin|6311
5008|22|353|6311041|Paringin Selatan|6311
5009|22|353|6311050|Juai|6311
5010|22|353|6311060|Halong|6311
5011|22|354|6371010|Banjarmasin Selatan|6371
5012|22|354|6371020|Banjarmasin Timur|6371
5013|22|354|6371030|Banjarmasin Barat|6371
5014|22|354|6371031|Banjarmasin Tengah|6371
5015|22|354|6371040|Banjarmasin Utara|6371
5016|22|355|6372010|Landasan Ulin|6372
5017|22|355|6372011|Liang Anggang|6372
5018|22|355|6372020|Cempaka|6372
5019|22|355|6372031|Banjar Baru Utara|6372
5020|22|355|6372032|Banjar Baru Selatan|6372
5021|23|356|6401010|Batu Sopang|6401
5022|23|356|6401011|Muara Samu|6401
5023|23|356|6401021|Batu Engau|6401
5024|23|356|6401022|Tanjung Harapan|6401
5025|23|356|6401030|Pasir Belengkong|6401
5026|23|356|6401040|Tanah Grogot|6401
5027|23|356|6401050|Kuaro|6401
5028|23|356|6401060|Long Ikis|6401
5029|23|356|6401070|Muara Komam|6401
5030|23|356|6401080|Long Kali|6401
5031|23|357|6402010|Bongan|6402
5032|23|357|6402020|Jempang|6402
5033|23|357|6402030|Penyinggahan|6402
5034|23|357|6402040|Muara Pahu|6402
5035|23|357|6402041|Siluq Ngurai|6402
5036|23|357|6402050|Muara Lawa|6402
5037|23|357|6402051|Bentian Besar|6402
5038|23|357|6402060|Damai|6402
5039|23|357|6402061|Nyuatan|6402
5040|23|357|6402070|Barong Tongkok|6402
5041|23|357|6402071|Linggang Bigung|6402
5042|23|357|6402080|Melak|6402
5043|23|357|6402081|Sekolaq Darat|6402
5044|23|357|6402082|Manor Bulatn|6402
5045|23|357|6402090|Long Iram|6402
5046|23|357|6402091|Tering|6402
5047|23|358|6403010|Semboja|6403
5048|23|358|6403020|Muara Jawa|6403
5049|23|358|6403030|Sanga-sanga|6403
5050|23|358|6403040|Loa Janan|6403
5051|23|358|6403050|Loa Kulu|6403
5052|23|358|6403060|Muara Muntai|6403
5053|23|358|6403070|Muara Wis|6403
5054|23|358|6403080|Kotabangun|6403
5055|23|358|6403090|Tenggarong|6403
5056|23|358|6403100|Sebulu|6403
5057|23|358|6403110|Tenggarong Seberang|6403
5058|23|358|6403120|Anggana|6403
5059|23|358|6403130|Muara Badak|6403
5060|23|358|6403140|Marang Kayu|6403
5061|23|358|6403150|Muara Kaman|6403
5062|23|358|6403160|Kenohan|6403
5063|23|358|6403170|Kembang Janggut|6403
5064|23|358|6403180|Tabang|6403
5065|23|359|6404010|Muara Ancalong|6404
5066|23|359|6404011|Busang|6404
5067|23|359|6404012|Long Mesangat|6404
5068|23|359|6404020|Muara Wahau|6404
5069|23|359|6404021|Telen|6404
5070|23|359|6404022|Kongbeng|6404
5071|23|359|6404030|Muara Bengkal|6404
5072|23|359|6404031|Batu Ampar|6404
5073|23|359|6404040|Sangatta Utara|6404
5074|23|359|6404041|Bengalon|6404
5075|23|359|6404042|Teluk Pandan|6404
5076|23|359|6404043|Sangatta Selatan|6404
5077|23|359|6404044|Rantau Pulung|6404
5078|23|359|6404050|Sangkulirang|6404
5079|23|359|6404051|Kaliorang|6404
5080|23|359|6404052|Sandaran|6404
5081|23|359|6404053|Kaubun|6404
5082|23|359|6404054|Karangan|6404
5083|23|360|6405010|Kelay|6405
5084|23|360|6405020|Talisayan|6405
5085|23|360|6405021|Tabalar|6405
5086|23|360|6405030|Biduk Biduk|6405
5087|23|360|6405040|Pulau Derawan|6405
5088|23|360|6405041|Maratua|6405
5089|23|360|6405050|Sambaliung|6405
5090|23|360|6405060|Tanjung Redeb|6405
5091|23|360|6405070|Gunung Tabur|6405
5092|23|360|6405080|Segah|6405
5093|23|360|6405090|Teluk Bayur|6405
5094|23|360|6405100|Batu Putih|6405
5095|23|360|6405110|Biatan|6405
5096|23|361|6409010|Babulu|6409
5097|23|361|6409020|Waru|6409
5098|23|361|6409030|Penajam|6409
5099|23|361|6409040|Sepaku|6409
5100|23|362|6411010|Laham|6411
5101|23|362|6411020|Long Hubung|6411
5102|23|362|6411030|Long Bagun|6411
5103|23|362|6411040|Long Pahangai|6411
5104|23|362|6411050|Long Apari|6411
5105|23|363|6471010|Balikpapan Selatan|6471
5106|23|363|6471011|Balikpapan Kota|6471
5107|23|363|6471020|Balikpapan Timur|6471
5108|23|363|6471030|Balikpapan Utara|6471
5109|23|363|6471040|Balikpapan Tengah|6471
5110|23|363|6471050|Balikpapan Barat|6471
5111|23|364|6472010|Palaran|6472
5112|23|364|6472020|Samarinda Ilir|6472
5113|23|364|6472021|Samarinda Kota|6472
5114|23|364|6472022|Sambutan|6472
5115|23|364|6472030|Samarinda Seberang|6472
5116|23|364|6472031|Loa Janan Ilir|6472
5117|23|364|6472040|Sungai Kunjang|6472
5118|23|364|6472050|Samarinda Ulu|6472
5119|23|364|6472060|Samarinda Utara|6472
5120|23|364|6472061|Sungai Pinang|6472
5121|23|365|6474010|Bontang Selatan|6474
5122|23|365|6474020|Bontang Utara|6474
5123|23|365|6474030|Bontang Barat|6474
5124|24|366|6501010|Sungai Boh|6501
5125|24|366|6501020|Kayan Selatan|6501
5126|24|366|6501030|Kayan Hulu|6501
5127|24|366|6501040|Kayan Hilir|6501
5128|24|366|6501050|Pujungan|6501
5129|24|366|6501060|Bahau Hulu|6501
5130|24|366|6501070|Sungai Tubu|6501
5131|24|366|6501080|Malinau Selatan Hulu|6501
5132|24|366|6501090|Malinau Selatan|6501
5133|24|366|6501100|Malinau Selatan Hilir|6501
5134|24|366|6501110|Mentarang|6501
5135|24|366|6501120|Mentarang Hulu|6501
5136|24|366|6501130|Malinau Utara|6501
5137|24|366|6501140|Malinau Barat|6501
5138|24|366|6501150|Malinau Kota|6501
5139|24|367|6502010|Peso|6502
5140|24|367|6502020|Peso Hilir|6502
5141|24|367|6502030|Tanjung Palas Barat|6502
5142|24|367|6502040|Tanjung Palas|6502
5143|24|367|6502050|Tanjung Selor|6502
5144|24|367|6502060|Tanjung Palas Timur|6502
5145|24|367|6502070|Tanjung Palas Tengah|6502
5146|24|367|6502080|Tanjung Palas Utara|6502
5147|24|367|6502090|Sekatak|6502
5148|24|367|6502100|Bunyu|6502
5149|24|368|6503010|Muruk Rian|6503
5150|24|368|6503020|Sesayap|6503
5151|24|368|6503030|Betayau|6503
5152|24|368|6503040|Sesayap Hilir|6503
5153|24|368|6503050|Tana Lia|6503
5154|24|369|6504010|Krayan Selatan|6504
5155|24|369|6504011|Krayan Tengah|6504
5156|24|369|6504020|Krayan|6504
5157|24|369|6504021|Krayan Timur|6504
5158|24|369|6504022|Krayan Barat|6504
5159|24|369|6504030|Lumbis Ogong|6504
5160|24|369|6504040|Lumbis|6504
5161|24|369|6504050|Sembakung Atulai|6504
5162|24|369|6504060|Sembakung|6504
5163|24|369|6504070|Sebuku|6504
5164|24|369|6504080|Tulin Onsoi|6504
5165|24|369|6504090|Sei Menggaris|6504
5166|24|369|6504100|Nunukan|6504
5167|24|369|6504110|Nunukan Selatan|6504
5168|24|369|6504120|Sebatik Barat|6504
5169|24|369|6504130|Sebatik|6504
5170|24|369|6504140|Sebatik Timur|6504
5171|24|369|6504150|Sebatik Tengah|6504
5172|24|369|6504160|Sebatik Utara|6504
5173|24|370|6571010|Tarakan Timur|6571
5174|24|370|6571020|Tarakan Tengah|6571
5175|24|370|6571030|Tarakan Barat|6571
5176|24|370|6571040|Tarakan Utara|6571
5177|25|371|7101021|Dumoga Barat|7101
5178|25|371|7101022|Dumoga Utara|7101
5179|25|371|7101023|Dumoga Timur|7101
5180|25|371|7101024|Dumoga Tengah|7101
5181|25|371|7101025|Dumoga Tenggara|7101
5182|25|371|7101026|Dumoga|7101
5183|25|371|7101060|Lolayan|7101
5184|25|371|7101081|Passi Barat|7101
5185|25|371|7101082|Passi Timur|7101
5186|25|371|7101083|Bilalang|7101
5187|25|371|7101090|Poigar|7101
5188|25|371|7101100|Bolaang|7101
5189|25|371|7101101|Bolaang Timur|7101
5190|25|371|7101110|Lolak|7101
5191|25|371|7101120|Sangtombolang|7101
5192|25|372|7102091|Langowan Timur|7102
5193|25|372|7102092|Langowan Barat|7102
5194|25|372|7102093|Langowan Selatan|7102
5195|25|372|7102094|Langowan Utara|7102
5196|25|372|7102110|Tompaso|7102
5197|25|372|7102111|Tompaso Barat|7102
5198|25|372|7102120|Kawangkoan|7102
5199|25|372|7102121|Kawangkoan Barat|7102
5200|25|372|7102122|Kawangkoan Utara|7102
5201|25|372|7102130|Sonder|7102
5202|25|372|7102160|Tombariri|7102
5203|25|372|7102161|Tombariri Timur|7102
5204|25|372|7102170|Pineleng|7102
5205|25|372|7102171|Tombulu|7102
5206|25|372|7102172|Mandolang|7102
5207|25|372|7102190|Tondano Barat|7102
5208|25|372|7102191|Tondano Selatan|7102
5209|25|372|7102200|Remboken|7102
5210|25|372|7102210|Kakas|7102
5211|25|372|7102211|Kakas Barat|7102
5212|25|372|7102220|Lembean Timur|7102
5213|25|372|7102230|Eris|7102
5214|25|372|7102240|Kombi|7102
5215|25|372|7102250|Tondano Timur|7102
5216|25|372|7102251|Tondano Utara|7102
5217|25|373|7103040|Manganitu Selatan|7103
5218|25|373|7103041|Tatoareng|7103
5219|25|373|7103050|Tamako|7103
5220|25|373|7103060|Tabukan Selatan|7103
5221|25|373|7103061|Tabukan Selatan Tengah|7103
5222|25|373|7103062|Tabukan Selatan Tenggara|7103
5223|25|373|7103070|Tabukan Tengah|7103
5224|25|373|7103080|Manganitu|7103
5225|25|373|7103090|Tahuna|7103
5226|25|373|7103091|Tahuna Timur|7103
5227|25|373|7103092|Tahuna Barat|7103
5228|25|373|7103100|Tabukan Utara|7103
5229|25|373|7103101|Nusa Tabukan|7103
5230|25|373|7103102|Kepulauan Marore|7103
5231|25|373|7103110|Kendahe|7103
5232|25|374|7104010|Kabaruan|7104
5233|25|374|7104011|Damau|7104
5234|25|374|7104020|Lirung|7104
5235|25|374|7104021|Salibabu|7104
5236|25|374|7104022|Kalongan|7104
5237|25|374|7104023|Moronge|7104
5238|25|374|7104030|Melonguane|7104
5239|25|374|7104031|Melonguane Timur|7104
5240|25|374|7104040|Beo|7104
5241|25|374|7104041|Beo Utara|7104
5242|25|374|7104042|Beo Selatan|7104
5243|25|374|7104050|Rainis|7104
5244|25|374|7104051|tampa namma'|7104
5245|25|374|7104052|Pulutan|7104
5246|25|374|7104060|Essang|7104
5247|25|374|7104061|Essang Selatan|7104
5248|25|374|7104070|Gemeh|7104
5249|25|374|7104080|Nanusa|7104
5250|25|374|7104081|Miangas|7104
5251|25|375|7105010|Modoinding|7105
5252|25|375|7105020|Tompaso Baru|7105
5253|25|375|7105021|Maesaan|7105
5254|25|375|7105070|Ranoyapo|7105
5255|25|375|7105080|Motoling|7105
5256|25|375|7105081|Kumelembuai|7105
5257|25|375|7105082|Motoling Barat|7105
5258|25|375|7105083|Motoling Timur|7105
5259|25|375|7105090|Sinonsayang|7105
5260|25|375|7105100|Tenga|7105
5261|25|375|7105111|Amurang|7105
5262|25|375|7105112|Amurang Barat|7105
5263|25|375|7105113|Amurang Timur|7105
5264|25|375|7105120|Tareran|7105
5265|25|375|7105121|Sulta|7105
5266|25|375|7105130|Tumpaan|7105
5267|25|375|7105131|Tatapaan|7105
5268|25|376|7106010|Kema|7106
5269|25|376|7106020|Kauditan|7106
5270|25|376|7106030|Airmadidi|7106
5271|25|376|7106040|Kalawat|7106
5272|25|376|7106050|Dimembe|7106
5273|25|376|7106051|Talawaan|7106
5274|25|376|7106060|Wori|7106
5275|25|376|7106070|Likupang Barat|7106
5276|25|376|7106080|Likupang Timur|7106
5277|25|376|7106081|Likupang Selatan|7106
5278|25|377|7107010|Sangkub|7107
5279|25|377|7107020|Bintauna|7107
5280|25|377|7107030|Bolang Itang Timur|7107
5281|25|377|7107040|Bolang Itang Barat|7107
5282|25|377|7107050|Kaidipang|7107
5283|25|377|7107060|Pinogaluman|7107
5284|25|378|7108010|Biaro|7108
5285|25|378|7108020|Tagulandang Selatan|7108
5286|25|378|7108030|Tagulandang|7108
5287|25|378|7108040|Tagulandang Utara|7108
5288|25|378|7108050|Siau Barat Selatan|7108
5289|25|378|7108060|Siau Timur Selatan|7108
5290|25|378|7108070|Siau Barat|7108
5291|25|378|7108080|Siau Tengah|7108
5292|25|378|7108090|Siau Timur|7108
5293|25|378|7108100|Siau Barat Utara|7108
5294|25|379|7109010|Ratatotok|7109
5295|25|379|7109020|Pusomaen|7109
5296|25|379|7109030|Belang|7109
5297|25|379|7109040|Ratahan|7109
5298|25|379|7109041|Pasan|7109
5299|25|379|7109042|Ratahan Timur|7109
5300|25|379|7109050|Tombatu|7109
5301|25|379|7109051|Tombatu Timur|7109
5302|25|379|7109052|Tombatu Utara|7109
5303|25|379|7109060|Touluaan|7109
5304|25|379|7109061|Touluaan Selatan|7109
5305|25|379|7109062|Silian Raya|7109
5306|25|380|7110010|Posigadan|7110
5307|25|380|7110011|Tomini|7110
5308|25|380|7110020|Bolang Uki|7110
5309|25|380|7110021|Helumo|7110
5310|25|380|7110030|Pinolosian|7110
5311|25|380|7110040|Pinolosian Tengah|7110
5312|25|380|7110050|Pinolosian Timur|7110
5313|25|381|7111010|Nuangan|7111
5314|25|381|7111011|Motongkad|7111
5315|25|381|7111020|Tutuyan|7111
5316|25|381|7111030|Kotabunan|7111
5317|25|381|7111040|Modayag|7111
5318|25|381|7111041|Mooat|7111
5319|25|381|7111050|Modayag Barat|7111
5320|25|382|7171010|Malalayang|7171
5321|25|382|7171020|Sario|7171
5322|25|382|7171021|Wanea|7171
5323|25|382|7171030|Wenang|7171
5324|25|382|7171031|Tikala|7171
5325|25|382|7171032|Paal Dua|7171
5326|25|382|7171040|Mapanget|7171
5327|25|382|7171051|Singkil|7171
5328|25|382|7171052|Tuminting|7171
5329|25|382|7171053|Bunaken|7171
5330|25|382|7171054|Bunaken Kepulauan|7171
5331|25|383|7172010|Madidir|7172
5332|25|383|7172011|Matuari|7172
5333|25|383|7172012|Girian|7172
5334|25|383|7172021|Lembeh Selatan|7172
5335|25|383|7172022|Lembeh Utara|7172
5336|25|383|7172030|Aertembaga|7172
5337|25|383|7172031|Maesa|7172
5338|25|383|7172040|Ranowulu|7172
5339|25|384|7173010|Tomohon Selatan|7173
5340|25|384|7173020|Tomohon Tengah|7173
5341|25|384|7173021|Tomohon Timur|7173
5342|25|384|7173022|Tomohon Barat|7173
5343|25|384|7173030|Tomohon Utara|7173
5344|25|385|7174010|Kotamobagu Selatan|7174
5345|25|385|7174020|Kotamobagu Timur|7174
5346|25|385|7174030|Kotamobagu Barat|7174
5347|25|385|7174040|Kotamobagu Utara|7174
5348|26|386|7201030|Totikum|7201
5349|26|386|7201031|Totikum Selatan|7201
5350|26|386|7201040|Tinangkung|7201
5351|26|386|7201041|Tinangkung Selatan|7201
5352|26|386|7201042|Tinangkung Utara|7201
5353|26|386|7201050|Liang|7201
5354|26|386|7201051|Peling Tengah|7201
5355|26|386|7201060|Bulagi|7201
5356|26|386|7201061|Bulagi Selatan|7201
5357|26|386|7201062|Bulagi Utara|7201
5358|26|386|7201070|Buko|7201
5359|26|386|7201071|Buko Selatan|7201
5360|26|387|7202010|Toili|7202
5361|26|387|7202011|Toili Barat|7202
5362|26|387|7202012|Moilong|7202
5363|26|387|7202020|Batui|7202
5364|26|387|7202021|Batui Selatan|7202
5365|26|387|7202030|Bunta|7202
5366|26|387|7202031|Nuhon|7202
5367|26|387|7202032|Simpang Raya|7202
5368|26|387|7202040|Kintom|7202
5369|26|387|7202050|Luwuk|7202
5370|26|387|7202051|Luwuk Timur|7202
5371|26|387|7202052|Luwuk Utara|7202
5372|26|387|7202053|Luwuk Selatan|7202
5373|26|387|7202054|Nambo|7202
5374|26|387|7202060|Pagimana|7202
5375|26|387|7202061|Bualemo|7202
5376|26|387|7202062|Lobu|7202
5377|26|387|7202070|Lamala|7202
5378|26|387|7202071|Masama|7202
5379|26|387|7202072|Mantoh|7202
5380|26|387|7202080|Balantak|7202
5381|26|387|7202081|Balantak Selatan|7202
5382|26|387|7202082|Balantak Utara|7202
5383|26|388|7203010|Menui Kepulauan|7203
5384|26|388|7203020|Bungku Selatan|7203
5385|26|388|7203021|Bahodopi|7203
5386|26|388|7203022|Bungku Pesisir|7203
5387|26|388|7203030|Bungku Tengah|7203
5388|26|388|7203031|Bungku Timur|7203
5389|26|388|7203040|Bungku Barat|7203
5390|26|388|7203041|Bumi Raya|7203
5391|26|388|7203042|Wita Ponda|7203
5392|26|389|7204010|Pamona Selatan|7204
5393|26|389|7204011|Pamona Barat|7204
5394|26|389|7204012|Pamona Tenggara|7204
5395|26|389|7204020|Lore Selatan|7204
5396|26|389|7204021|Lore Barat|7204
5397|26|389|7204030|Pamona Pusalemba|7204
5398|26|389|7204031|Pamona Timur|7204
5399|26|389|7204032|Pamona Utara|7204
5400|26|389|7204040|Lore Utara|7204
5401|26|389|7204041|Lore Tengah|7204
5402|26|389|7204042|Lore Timur|7204
5403|26|389|7204043|Lore Peore|7204
5404|26|389|7204050|Poso Pesisir|7204
5405|26|389|7204051|Poso Pesisir Selatan|7204
5406|26|389|7204052|Poso Pesisir Utara|7204
5407|26|389|7204060|Lage|7204
5408|26|389|7204070|Poso Kota|7204
5409|26|389|7204071|Poso Kota Utara|7204
5410|26|389|7204072|Poso Kota Selatan|7204
5411|26|390|7205041|Rio Pakava|7205
5412|26|390|7205051|Pinembani|7205
5413|26|390|7205080|Banawa|7205
5414|26|390|7205081|Banawa Selatan|7205
5415|26|390|7205082|Banawa Tengah|7205
5416|26|390|7205090|Labuan|7205
5417|26|390|7205091|Tanantovea|7205
5418|26|390|7205100|Sindue|7205
5419|26|390|7205101|Sindue Tombusabora|7205
5420|26|390|7205102|Sindue Tobata|7205
5421|26|390|7205120|Sirenja|7205
5422|26|390|7205130|Balaesang|7205
5423|26|390|7205131|Balaesang Tanjung|7205
5424|26|390|7205140|Dampelas|7205
5425|26|390|7205160|Sojol|7205
5426|26|390|7205161|Sojol Utara|7205
5427|26|391|7206010|Dampal Selatan|7206
5428|26|391|7206020|Dampal Utara|7206
5429|26|391|7206030|Dondo|7206
5430|26|391|7206031|Ogodeide|7206
5431|26|391|7206032|Basidondo|7206
5432|26|391|7206040|Baolan|7206
5433|26|391|7206041|Lampasio|7206
5434|26|391|7206050|Galang|7206
5435|26|391|7206060|Tolitoli Utara|7206
5436|26|391|7206061|Dako Pamean|7206
5437|26|392|7207010|Lakea|7207
5438|26|392|7207011|Biau|7207
5439|26|392|7207012|Karamat|7207
5440|26|392|7207020|Momunu|7207
5441|26|392|7207021|Tiloan|7207
5442|26|392|7207030|Bokat|7207
5443|26|392|7207031|Bukal|7207
5444|26|392|7207040|Bunobogu|7207
5445|26|392|7207041|Gadung|7207
5446|26|392|7207050|Paleleh|7207
5447|26|392|7207051|Paleleh Barat|7207
5448|26|393|7208010|Sausu|7208
5449|26|393|7208011|Torue|7208
5450|26|393|7208012|Balinggi|7208
5451|26|393|7208020|Parigi|7208
5452|26|393|7208021|Parigi Selatan|7208
5453|26|393|7208022|Parigi Barat|7208
5454|26|393|7208023|Parigi Utara|7208
5455|26|393|7208024|Parigi Tengah|7208
5456|26|393|7208030|Ampibabo|7208
5457|26|393|7208031|Kasimbar|7208
5458|26|393|7208032|Toribulu|7208
5459|26|393|7208033|Siniu|7208
5460|26|393|7208040|Tinombo|7208
5461|26|393|7208041|Tinombo Selatan|7208
5462|26|393|7208042|Sidoan|7208
5463|26|393|7208050|Tomini|7208
5464|26|393|7208051|Mepanga|7208
5465|26|393|7208052|Palasa|7208
5466|26|393|7208060|Moutong|7208
5467|26|393|7208061|Bolano Lambunu|7208
5468|26|393|7208062|Taopa|7208
5469|26|393|7208063|Bolano|7208
5470|26|393|7208064|Ongka Malino|7208
5471|26|394|7209010|Tojo Barat|7209
5472|26|394|7209020|Tojo|7209
5473|26|394|7209030|Ulubongka|7209
5474|26|394|7209040|Ampana Tete|7209
5475|26|394|7209050|Ampana Kota|7209
5476|26|394|7209051|Ratolindo|7209
5477|26|394|7209060|Una -Una|7209
5478|26|394|7209061|Batudaka|7209
5479|26|394|7209070|Togean|7209
5480|26|394|7209080|Walea Kepulauan|7209
5481|26|394|7209081|Walea Besar|7209
5482|26|394|7209082|Talatako|7209
5483|26|395|7210010|Pipikoro|7210
5484|26|395|7210020|Kulawi Selatan|7210
5485|26|395|7210030|Kulawi|7210
5486|26|395|7210040|Lindu|7210
5487|26|395|7210050|Nokilalaki|7210
5488|26|395|7210060|Palolo|7210
5489|26|395|7210070|Gumbasa|7210
5490|26|395|7210080|Dolo Selatan|7210
5491|26|395|7210090|Dolo Barat|7210
5492|26|395|7210100|Tanambulava|7210
5493|26|395|7210110|Dolo|7210
5494|26|395|7210120|Sigi Biromaru|7210
5495|26|395|7210130|Marawola|7210
5496|26|395|7210140|Marawola Barat|7210
5497|26|395|7210150|Kinovaro|7210
5498|26|396|7211010|Bangkurung|7211
5499|26|396|7211020|Labobo|7211
5500|26|396|7211030|Banggai Utara|7211
5501|26|396|7211040|Banggai|7211
5502|26|396|7211050|Banggai Tengah|7211
5503|26|396|7211060|Banggai Selatan|7211
5504|26|396|7211070|Bokan Kepulauan|7211
5505|26|397|7212010|Mori Atas|7212
5506|26|397|7212020|Lembo|7212
5507|26|397|7212030|Lembo Raya|7212
5508|26|397|7212040|Petasia Timur|7212
5509|26|397|7212050|Petasia|7212
5510|26|397|7212060|Petasia Barat|7212
5511|26|397|7212070|Mori Utara|7212
5512|26|397|7212080|Soyo Jaya|7212
5513|26|397|7212090|Bungku Utara|7212
5514|26|397|7212100|Mamosalato|7212
5515|26|398|7271010|Palu Barat|7271
5516|26|398|7271011|Tatanga|7271
5517|26|398|7271012|Ulujadi|7271
5518|26|398|7271020|Palu Selatan|7271
5519|26|398|7271030|Palu Timur|7271
5520|26|398|7271031|Mantikulore|7271
5521|26|398|7271040|Palu Utara|7271
5522|26|398|7271041|Tawaeli|7271
5523|27|399|7301010|Pasimarannu|7301
5524|27|399|7301011|Pasilambena|7301
5525|27|399|7301020|Pasimassunggu|7301
5526|27|399|7301021|Takabonerate|7301
5527|27|399|7301022|Pasimassunggu Timur|7301
5528|27|399|7301030|Bontosikuyu|7301
5529|27|399|7301040|Bontoharu|7301
5530|27|399|7301041|Benteng|7301
5531|27|399|7301042|Bontomanai|7301
5532|27|399|7301050|Bontomatene|7301
5533|27|399|7301051|Buki|7301
5534|27|400|7302010|Gantarang|7302
5535|27|400|7302020|Ujung Bulu|7302
5536|27|400|7302021|Ujung Loe|7302
5537|27|400|7302030|Bonto Bahari|7302
5538|27|400|7302040|Bontotiro|7302
5539|27|400|7302050|Hero Lange-lange|7302
5540|27|400|7302060|Kajang|7302
5541|27|400|7302070|Bulukumpa|7302
5542|27|400|7302080|Rilau Ale|7302
5543|27|400|7302090|Kindang|7302
5544|27|401|7303010|Bissappu|7303
5545|27|401|7303011|Uluere|7303
5546|27|401|7303012|Sinoa|7303
5547|27|401|7303020|Bantaeng|7303
5548|27|401|7303021|Eremerasa|7303
5549|27|401|7303030|Tompobulu|7303
5550|27|401|7303031|pajukukang'|7303
5551|27|401|7303032|Gantarangkeke|7303
5552|27|402|7304010|Bangkala|7304
5553|27|402|7304011|Bangkala Barat|7304
5554|27|402|7304020|Tamalatea|7304
5555|27|402|7304021|Bontoramba|7304
5556|27|402|7304030|Binamu|7304
5557|27|402|7304031|Turatea|7304
5558|27|402|7304040|Batang|7304
5559|27|402|7304041|Arungkeke|7304
5560|27|402|7304042|Tarowang|7304
5561|27|402|7304050|Kelara|7304
5562|27|402|7304051|Rumbia|7304
5563|27|403|7305010|Mangara Bombang|7305
5564|27|403|7305020|Mappakasunggu|7305
5565|27|403|7305021|Sanrobone|7305
5566|27|403|7305030|Polombangkeng Selatan|7305
5567|27|403|7305031|Pattallassang|7305
5568|27|403|7305040|Polombangkeng Utara|7305
5569|27|403|7305050|Galesong Selatan|7305
5570|27|403|7305051|Galesong|7305
5571|27|403|7305060|Galesong Utara|7305
5572|27|404|7306010|Bontonompo|7306
5573|27|404|7306011|Bontonompo Selatan|7306
5574|27|404|7306020|Bajeng|7306
5575|27|404|7306021|Bajeng Barat|7306
5576|27|404|7306030|Pallangga|7306
5577|27|404|7306031|Barombong|7306
5578|27|404|7306040|Somba Opu|7306
5579|27|404|7306050|Bontomarannu|7306
5580|27|404|7306051|Pattallassang|7306
5581|27|404|7306060|Parangloe|7306
5582|27|404|7306061|Manuju|7306
5583|27|404|7306070|Tinggimoncong|7306
5584|27|404|7306071|Tombolo Pao|7306
5585|27|404|7306072|Parigi|7306
5586|27|404|7306080|Bungaya|7306
5587|27|404|7306081|Bontolempangan|7306
5588|27|404|7306090|Tompobulu|7306
5589|27|404|7306091|Biringbulu|7306
5590|27|405|7307010|Sinjai Barat|7307
5591|27|405|7307020|Sinjai Borong|7307
5592|27|405|7307030|Sinjai Selatan|7307
5593|27|405|7307040|Tellu Limpoe|7307
5594|27|405|7307050|Sinjai Timur|7307
5595|27|405|7307060|Sinjai Tengah|7307
5596|27|405|7307070|Sinjai Utara|7307
5597|27|405|7307080|Bulupoddo|7307
5598|27|405|7307090|Pulau Sembilan|7307
5599|27|406|7308010|Mandai|7308
5600|27|406|7308011|Moncongloe|7308
5601|27|406|7308020|Maros Baru|7308
5602|27|406|7308021|Marusu|7308
5603|27|406|7308022|Turikale|7308
5604|27|406|7308023|Lau|7308
5605|27|406|7308030|Bontoa|7308
5606|27|406|7308040|Bantimurung|7308
5607|27|406|7308041|Simbang|7308
5608|27|406|7308050|Tanralili|7308
5609|27|406|7308051|Tompu Bulu|7308
5610|27|406|7308060|Camba|7308
5611|27|406|7308061|Cenrana|7308
5612|27|406|7308070|Mallawa|7308
5613|27|407|7309010|Liukang Tangaya|7309
5614|27|407|7309020|Liukang Kalmas|7309
5615|27|407|7309030|Liukang Tupabbiring|7309
5616|27|407|7309031|Liukang Tupabbiring Utara|7309
5617|27|407|7309040|Pangkajene|7309
5618|27|407|7309041|Minasatene|7309
5619|27|407|7309050|Balocci|7309
5620|27|407|7309051|Tondong Tallasa|7309
5621|27|407|7309060|Bungoro|7309
5622|27|407|7309070|Labakkang|7309
5623|27|407|7309080|marang'|7309
5624|27|407|7309091|Segeri|7309
5625|27|407|7309092|Mandalle|7309
5626|27|408|7310010|Tanete Riaja|7310
5627|27|408|7310011|Pujananting|7310
5628|27|408|7310020|Tanete Rilau|7310
5629|27|408|7310030|Barru|7310
5630|27|408|7310040|Soppeng Riaja|7310
5631|27|408|7310041|Balusu|7310
5632|27|408|7310050|Mallusetasi|7310
5633|27|409|7311010|Bontocani|7311
5634|27|409|7311020|Kahu|7311
5635|27|409|7311030|Kajuara|7311
5636|27|409|7311040|Salomekko|7311
5637|27|409|7311050|Tonra|7311
5638|27|409|7311060|Patimpeng|7311
5639|27|409|7311070|Libureng|7311
5640|27|409|7311080|Mare|7311
5641|27|409|7311090|Sibulue|7311
5642|27|409|7311100|Cina|7311
5643|27|409|7311110|Barebbo|7311
5644|27|409|7311120|Ponre|7311
5645|27|409|7311130|Lappariaja|7311
5646|27|409|7311140|Lamuru|7311
5647|27|409|7311141|Tellu Limpoe|7311
5648|27|409|7311150|Bengo|7311
5649|27|409|7311160|Ulaweng|7311
5650|27|409|7311170|Palakka|7311
5651|27|409|7311180|Awangpone|7311
5652|27|409|7311190|Tellu Siattinge|7311
5653|27|409|7311200|Amali|7311
5654|27|409|7311210|Ajangale|7311
5655|27|409|7311220|Dua Boccoe|7311
5656|27|409|7311230|Cenrana|7311
5657|27|409|7311710|Tanete Riattang Barat|7311
5658|27|409|7311720|Tanete Riattang|7311
5659|27|409|7311730|Tanete Riattang Timur|7311
5660|27|410|7312010|Mario Riwawo|7312
5661|27|410|7312020|Lalabata|7312
5662|27|410|7312030|Lili Riaja|7312
5663|27|410|7312031|Ganra|7312
5664|27|410|7312032|Citta|7312
5665|27|410|7312040|Lili Rilau|7312
5666|27|410|7312050|Donri Donri|7312
5667|27|410|7312060|Mario Riawa|7312
5668|27|411|7313010|Sabbang Paru|7313
5669|27|411|7313020|Tempe|7313
5670|27|411|7313030|Pammana|7313
5671|27|411|7313040|Bola|7313
5672|27|411|7313050|Takkalalla|7313
5673|27|411|7313060|Sajoanging|7313
5674|27|411|7313061|Penrang|7313
5675|27|411|7313070|Majauleng|7313
5676|27|411|7313080|Tana Sitolo|7313
5677|27|411|7313090|Belawa|7313
5678|27|411|7313100|Maniang Pajo|7313
5679|27|411|7313101|Gilireng|7313
5680|27|411|7313110|Keera|7313
5681|27|411|7313120|Pitumpanua|7313
5682|27|412|7314010|Panca Lautang|7314
5683|27|412|7314020|Tellulimpo e|7314
5684|27|412|7314030|Watang Pulu|7314
5685|27|412|7314040|Baranti|7314
5686|27|412|7314050|Panca Rijang|7314
5687|27|412|7314051|Kulo|7314
5688|27|412|7314060|Maritengngae|7314
5689|27|412|7314061|Watang Sidenreng|7314
5690|27|412|7314070|Pitu Riawa|7314
5691|27|412|7314080|Duapitue|7314
5692|27|412|7314081|Pitu Riase|7314
5693|27|413|7315010|Suppa|7315
5694|27|413|7315020|Mattirosompe|7315
5695|27|413|7315021|Lanrisang|7315
5696|27|413|7315030|Mattiro Bulu|7315
5697|27|413|7315040|Watang Sawitto|7315
5698|27|413|7315041|Paleteang|7315
5699|27|413|7315042|Tiroang|7315
5700|27|413|7315050|Patampanua|7315
5701|27|413|7315060|Cempa|7315
5702|27|413|7315070|Duampanua|7315
5703|27|413|7315071|Batulappa|7315
5704|27|413|7315080|Lembang|7315
5705|27|414|7316010|Maiwa|7316
5706|27|414|7316011|Bungin|7316
5707|27|414|7316020|Enrekang|7316
5708|27|414|7316021|Cendana|7316
5709|27|414|7316030|Baraka|7316
5710|27|414|7316031|Buntu Batu|7316
5711|27|414|7316040|Anggeraja|7316
5712|27|414|7316041|Malua|7316
5713|27|414|7316050|Alla|7316
5714|27|414|7316051|Curio|7316
5715|27|414|7316052|Masalle|7316
5716|27|414|7316053|Baroko|7316
5717|27|415|7317010|Larompong|7317
5718|27|415|7317011|Larompong Selatan|7317
5719|27|415|7317020|Suli|7317
5720|27|415|7317021|Suli Barat|7317
5721|27|415|7317030|Belopa|7317
5722|27|415|7317031|Kamanre|7317
5723|27|415|7317032|Belopa Utara|7317
5724|27|415|7317040|Bajo|7317
5725|27|415|7317041|Bajo Barat|7317
5726|27|415|7317050|Bassesangtempe|7317
5727|27|415|7317051|Latimojong|7317
5728|27|415|7317052|Bassesangtempe Utara|7317
5729|27|415|7317060|Bupon|7317
5730|27|415|7317061|Ponrang|7317
5731|27|415|7317062|Ponrang Selatan|7317
5732|27|415|7317070|Bua|7317
5733|27|415|7317080|Walenrang|7317
5734|27|415|7317081|Walenrang Timur|7317
5735|27|415|7317090|Lamasi|7317
5736|27|415|7317091|Walenrang Utara|7317
5737|27|415|7317092|Walenrang Barat|7317
5738|27|415|7317093|Lamasi Timur|7317
5739|27|416|7318010|Bonggakaradeng|7318
5740|27|416|7318011|Simbuang|7318
5741|27|416|7318012|Rano|7318
5742|27|416|7318013|Mappak|7318
5743|27|416|7318020|Mengkendek|7318
5744|27|416|7318021|Gandang Batu Silanan|7318
5745|27|416|7318030|Sangalla|7318
5746|27|416|7318031|Sangala Selatan|7318
5747|27|416|7318032|Sangalla Utara|7318
5748|27|416|7318040|Makale|7318
5749|27|416|7318041|Makale Selatan|7318
5750|27|416|7318042|Makale Utara|7318
5751|27|416|7318050|Saluputti|7318
5752|27|416|7318051|Bittuang|7318
5753|27|416|7318052|Rembon|7318
5754|27|416|7318053|Masanda|7318
5755|27|416|7318054|Malimbong Balepe|7318
5756|27|416|7318061|Rantetayo|7318
5757|27|416|7318067|Kurra|7318
5758|27|417|7322010|Sabbang|7322
5759|27|417|7322020|Baebunta|7322
5760|27|417|7322030|Malangke|7322
5761|27|417|7322031|Malangke Barat|7322
5762|27|417|7322040|Sukamaju|7322
5763|27|417|7322050|Bone-bone|7322
5764|27|417|7322051|Tana Lili|7322
5765|27|417|7322120|Masamba|7322
5766|27|417|7322121|Mappedeceng|7322
5767|27|417|7322122|Rampi|7322
5768|27|417|7322130|Limbong|7322
5769|27|417|7322131|Seko|7322
5770|27|418|7325010|Burau|7325
5771|27|418|7325020|Wotu|7325
5772|27|418|7325030|Tomoni|7325
5773|27|418|7325031|Tomoni Timur|7325
5774|27|418|7325040|Angkona|7325
5775|27|418|7325050|Malili|7325
5776|27|418|7325060|Towuti|7325
5777|27|418|7325070|Nuha|7325
5778|27|418|7325071|Wasuponda|7325
5779|27|418|7325080|Mangkutana|7325
5780|27|418|7325081|Kalaena|7325
5781|27|419|7326010|Sopai|7326
5782|27|419|7326020|Kesu|7326
5783|27|419|7326030|Sanggalangi|7326
5784|27|419|7326040|Buntao|7326
5785|27|419|7326050|Rantebua|7326
5786|27|419|7326060|Nanggala|7326
5787|27|419|7326070|Tondon|7326
5788|27|419|7326080|Tallunglipu|7326
5789|27|419|7326090|Rantepao|7326
5790|27|419|7326100|Tikala|7326
5791|27|419|7326110|Sesean|7326
5792|27|419|7326120|Balusu|7326
5793|27|419|7326130|sadan'|7326
5794|27|419|7326140|Bengkelekila|7326
5795|27|419|7326150|Sesean Suloara|7326
5796|27|419|7326160|Kapala Pitu|7326
5797|27|419|7326170|Dende Piongan Napo|7326
5798|27|419|7326180|Awan Rante Karua|7326
5799|27|419|7326190|Rindingalo|7326
5800|27|419|7326200|Buntu Pepasan|7326
5801|27|419|7326210|Baruppu|7326
5802|27|420|7371010|Mariso|7371
5803|27|420|7371020|Mamajang|7371
5804|27|420|7371030|Tamalate|7371
5805|27|420|7371031|Rappocini|7371
5806|27|420|7371040|Makassar|7371
5807|27|420|7371050|Ujung Pandang|7371
5808|27|420|7371060|Wajo|7371
5809|27|420|7371070|Bontoala|7371
5810|27|420|7371080|Ujung Tanah|7371
5811|27|420|7371081|Kepulauan Sangkarrang|7371
5812|27|420|7371090|Tallo|7371
5813|27|420|7371100|Panakkukang|7371
5814|27|420|7371101|Manggala|7371
5815|27|420|7371110|Biring Kanaya|7371
5816|27|420|7371111|Tamalanrea|7371
5817|27|421|7372010|Bacukiki|7372
5818|27|421|7372011|Bacukiki Barat|7372
5819|27|421|7372020|Ujung|7372
5820|27|421|7372030|Soreang|7372
5821|27|422|7373010|Wara Selatan|7373
5822|27|422|7373011|Sendana|7373
5823|27|422|7373020|Wara|7373
5824|27|422|7373021|Wara Timur|7373
5825|27|422|7373022|Mungkajang|7373
5826|27|422|7373030|Wara Utara|7373
5827|27|422|7373031|Bara|7373
5828|27|422|7373040|Telluwanua|7373
5829|27|422|7373041|Wara Barat|7373
5830|28|423|7401050|Lasalimu|7401
5831|28|423|7401051|Lasalimu Selatan|7401
5832|28|423|7401052|Siontapina|7401
5833|28|423|7401060|Pasar Wajo|7401
5834|28|423|7401061|Wolowa|7401
5835|28|423|7401062|Wabula|7401
5836|28|423|7401110|Kapontori|7401
5837|28|424|7402010|Tongkuno|7402
5838|28|424|7402011|Tongkuno Selatan|7402
5839|28|424|7402020|Parigi|7402
5840|28|424|7402021|Bone|7402
5841|28|424|7402022|Marobo|7402
5842|28|424|7402030|Kabawo|7402
5843|28|424|7402031|Kabangka|7402
5844|28|424|7402032|Kontukowuna|7402
5845|28|424|7402061|Kontunaga|7402
5846|28|424|7402062|Watopute|7402
5847|28|424|7402070|Katobu|7402
5848|28|424|7402071|Lohia|7402
5849|28|424|7402072|Duruka|7402
5850|28|424|7402073|Batalaiworu|7402
5851|28|424|7402080|Napabalano|7402
5852|28|424|7402081|Lasalepa|7402
5853|28|424|7402083|Towea|7402
5854|28|424|7402090|Wakorumba Selatan|7402
5855|28|424|7402091|Pasir Putih|7402
5856|28|424|7402092|Pasi Kolaga|7402
5857|28|424|7402111|Maligano|7402
5858|28|424|7402112|Batukara|7402
5859|28|425|7403090|Soropia|7403
5860|28|425|7403091|Lalonggasumeeto|7403
5861|28|425|7403100|Sampara|7403
5862|28|425|7403101|Bondoala|7403
5863|28|425|7403102|Besulutu|7403
5864|28|425|7403103|Kapoiala|7403
5865|28|425|7403104|Anggalomoare|7403
5866|28|425|7403105|Morosi|7403
5867|28|425|7403130|Lambuya|7403
5868|28|425|7403131|Uepai|7403
5869|28|425|7403132|Puriala|7403
5870|28|425|7403133|Onembute|7403
5871|28|425|7403140|Pondidaha|7403
5872|28|425|7403141|Wonggeduku|7403
5873|28|425|7403142|Amonggedo|7403
5874|28|425|7403143|Wonggeduku Barat|7403
5875|28|425|7403150|Wawotobi|7403
5876|28|425|7403151|Meluhu|7403
5877|28|425|7403152|Konawe|7403
5878|28|425|7403153|Anggotoa|7403
5879|28|425|7403170|Unaaha|7403
5880|28|425|7403171|Anggaberi|7403
5881|28|425|7403180|Abuki|7403
5882|28|425|7403181|Latoma|7403
5883|28|425|7403182|Tongauna|7403
5884|28|425|7403183|Asinua|7403
5885|28|425|7403184|Padangguni|7403
5886|28|425|7403185|Tongauna Utara|7403
5887|28|425|7403193|Routa|7403
5888|28|426|7404010|Watubangga|7404
5889|28|426|7404011|Tanggetada|7404
5890|28|426|7404012|Toari|7404
5891|28|426|7404013|Polinggona|7404
5892|28|426|7404020|Pomalaa|7404
5893|28|426|7404030|Wundulako|7404
5894|28|426|7404031|Baula|7404
5895|28|426|7404060|Kolaka|7404
5896|28|426|7404061|Latambaga|7404
5897|28|426|7404070|Wolo|7404
5898|28|426|7404071|Samaturu|7404
5899|28|426|7404072|Iwoimendaa|7404
5900|28|427|7405010|Tinanggea|7405
5901|28|427|7405011|Lalembuu|7405
5902|28|427|7405020|Andoolo|7405
5903|28|427|7405021|Buke|7405
5904|28|427|7405022|Andoolo Barat|7405
5905|28|427|7405030|Palangga|7405
5906|28|427|7405031|Palangga Selatan|7405
5907|28|427|7405032|Baito|7405
5908|28|427|7405040|Lainea|7405
5909|28|427|7405041|Laeya|7405
5910|28|427|7405050|Kolono|7405
5911|28|427|7405051|Kolono Timur|7405
5912|28|427|7405060|Laonti|7405
5913|28|427|7405070|Moramo|7405
5914|28|427|7405071|Moramo Utara|7405
5915|28|427|7405080|Konda|7405
5916|28|427|7405081|Wolasi|7405
5917|28|427|7405090|Ranomeeto|7405
5918|28|427|7405091|Ranomeeto Barat|7405
5919|28|427|7405100|Landono|7405
5920|28|427|7405101|Mowila|7405
5921|28|427|7405102|Sabulakoa|7405
5922|28|427|7405110|Angata|7405
5923|28|427|7405111|Benua|7405
5924|28|427|7405112|Basala|7405
5925|28|428|7406010|Kabaena|7406
5926|28|428|7406011|Kabaena Utara|7406
5927|28|428|7406012|Kabaena Selatan|7406
5928|28|428|7406013|Kabaena Barat|7406
5929|28|428|7406020|Kabaena Timur|7406
5930|28|428|7406021|Kabaena Tengah|7406
5931|28|428|7406030|Rumbia|7406
5932|28|428|7406031|Mata Oleo|7406
5933|28|428|7406032|Kep. Masaloka Raya|7406
5934|28|428|7406033|Rumbia Tengah|7406
5935|28|428|7406040|Rarowatu|7406
5936|28|428|7406041|Rarowatu Utara|7406
5937|28|428|7406042|Mata Usu|7406
5938|28|428|7406043|Lantari Jaya|7406
5939|28|428|7406050|Poleang Timur|7406
5940|28|428|7406051|Poleang Utara|7406
5941|28|428|7406052|Poleang Selatan|7406
5942|28|428|7406053|Poleang Tenggara|7406
5943|28|428|7406060|Poleang|7406
5944|28|428|7406061|Poleang Barat|7406
5945|28|428|7406062|Tontonunu|7406
5946|28|428|7406063|Poleang Tengah|7406
5947|28|429|7407010|Binongko|7407
5948|28|429|7407011|Togo Binongko|7407
5949|28|429|7407020|Tomia|7407
5950|28|429|7407021|Tomia Timur|7407
5951|28|429|7407030|Kaledupa|7407
5952|28|429|7407031|Kaledupa Selatan|7407
5953|28|429|7407040|Wangi-wangi|7407
5954|28|429|7407050|Wangi-wangi Selatan|7407
5955|28|430|7408010|Ranteangin|7408
5956|28|430|7408011|Lambai|7408
5957|28|430|7408012|Wawo|7408
5958|28|430|7408020|Lasusua|7408
5959|28|430|7408021|Katoi|7408
5960|28|430|7408030|Kodeoha|7408
5961|28|430|7408031|Tiwu|7408
5962|28|430|7408040|Ngapa|7408
5963|28|430|7408041|Watunohu|7408
5964|28|430|7408050|Pakue|7408
5965|28|430|7408051|Pakue Utara|7408
5966|28|430|7408052|Pakue Tengah|7408
5967|28|430|7408060|Batu Putih|7408
5968|28|430|7408061|Porehu|7408
5969|28|430|7408062|Tolala|7408
5970|28|431|7409100|Bonegunu|7409
5971|28|431|7409101|Kambowa|7409
5972|28|431|7409110|Wakorumba|7409
5973|28|431|7409120|Kulisusu|7409
5974|28|431|7409121|Kulisusu Barat|7409
5975|28|431|7409122|Kulisusu Utara|7409
5976|28|432|7410010|Sawa|7410
5977|28|432|7410011|Motui|7410
5978|28|432|7410020|Lembo|7410
5979|28|432|7410030|Lasolo|7410
5980|28|432|7410031|Wawolesea|7410
5981|28|432|7410032|Lasolo Kepulauan|7410
5982|28|432|7410040|Molawe|7410
5983|28|432|7410050|Asera|7410
5984|28|432|7410051|Andowia|7410
5985|28|432|7410052|Oheo|7410
5986|28|432|7410060|Langgikima|7410
5987|28|432|7410070|Wiwirano|7410
5988|28|432|7410071|Landawe|7410
5989|28|433|7411010|Aere|7411
5990|28|433|7411020|Lambandia|7411
5991|28|433|7411030|Poli-polia|7411
5992|28|433|7411040|Dangia|7411
5993|28|433|7411050|Ladongi|7411
5994|28|433|7411060|Loea|7411
5995|28|433|7411070|Tirawuta|7411
5996|28|433|7411080|Lalolae|7411
5997|28|433|7411090|Mowewe|7411
5998|28|433|7411100|Tinondo|7411
5999|28|433|7411110|Uluiwoi|7411
6000|28|433|7411120|Ueesi|7411
6001|28|434|7412010|Wawonii Tenggara|7412
6002|28|434|7412020|Wawonii Timur|7412
6003|28|434|7412030|Wawonii Timur Laut|7412
6004|28|434|7412040|Wawonii Utara|7412
6005|28|434|7412050|Wawonii Selatan|7412
6006|28|434|7412060|Wawonii Tengah|7412
6007|28|434|7412070|Wawonii Barat|7412
6008|28|435|7413010|Tiworo Kepulauan|7413
6009|28|435|7413020|Maginti|7413
6010|28|435|7413030|Tiworo Tengah|7413
6011|28|435|7413040|Tiworo Selatan|7413
6012|28|435|7413050|Tiworo Utara|7413
6013|28|435|7413060|Lawa|7413
6014|28|435|7413070|Sawerigadi|7413
6015|28|435|7413080|Barangka|7413
6016|28|435|7413090|Wa Daga|7413
6017|28|435|7413100|Kusambi|7413
6018|28|435|7413110|Napano Kusambi|7413
6019|28|436|7414010|Talaga Raya|7414
6020|28|436|7414020|Mawasangka|7414
6021|28|436|7414030|Mawasangka Tengah|7414
6022|28|436|7414040|Mawasangka Timur|7414
6023|28|436|7414050|Lakudo|7414
6024|28|436|7414060|Gu|7414
6025|28|436|7414070|Sangia Wambulu|7414
6026|28|437|7415010|Batu Atas|7415
6027|28|437|7415020|Lapandewa|7415
6028|28|437|7415030|Sampolawa|7415
6029|28|437|7415040|Batauga|7415
6030|28|437|7415050|Siompu Barat|7415
6031|28|437|7415060|Siompu|7415
6032|28|437|7415070|Kadatua|7415
6033|28|438|7471010|Mandonga|7471
6034|28|438|7471011|Baruga|7471
6035|28|438|7471012|Puuwatu|7471
6036|28|438|7471013|Kadia|7471
6037|28|438|7471014|Wua-wua|7471
6038|28|438|7471020|Poasia|7471
6039|28|438|7471021|Abeli|7471
6040|28|438|7471022|Kambu|7471
6041|28|438|7471023|Nambo|7471
6042|28|438|7471030|Kendari|7471
6043|28|438|7471031|Kendari Barat|7471
6044|28|439|7472010|Betoambari|7472
6045|28|439|7472011|Murhum|7472
6046|28|439|7472012|Batupoaro|7472
6047|28|439|7472020|Wolio|7472
6048|28|439|7472021|Kokalukuna|7472
6049|28|439|7472030|Sorawolio|7472
6050|28|439|7472040|Bungi|7472
6051|28|439|7472041|Lea-lea|7472
6052|29|440|7501031|Mananggu|7501
6053|29|440|7501040|Tilamuta|7501
6054|29|440|7501041|Dulupi|7501
6055|29|440|7501042|Botumoito|7501
6056|29|440|7501050|Paguyaman|7501
6057|29|440|7501051|Wonosari|7501
6058|29|440|7501052|Paguyaman Pantai|7501
6059|29|441|7502010|Batudaa Pantai|7502
6060|29|441|7502011|Biluhu|7502
6061|29|441|7502020|Batudaa|7502
6062|29|441|7502021|Bongomeme|7502
6063|29|441|7502022|Tabongo|7502
6064|29|441|7502023|Dungaliyo|7502
6065|29|441|7502030|Tibawa|7502
6066|29|441|7502031|Pulubala|7502
6067|29|441|7502040|Boliyohuto|7502
6068|29|441|7502041|Mootilango|7502
6069|29|441|7502042|Tolangohula|7502
6070|29|441|7502043|Asparaga|7502
6071|29|441|7502044|Bilato|7502
6072|29|441|7502070|Limboto|7502
6073|29|441|7502071|Limboto Barat|7502
6074|29|441|7502080|Telaga|7502
6075|29|441|7502081|Telaga Biru|7502
6076|29|441|7502082|Tilango|7502
6077|29|441|7502083|Telaga Jaya|7502
6078|29|442|7503010|Popayato|7503
6079|29|442|7503011|Popayato Barat|7503
6080|29|442|7503012|Popayato Timur|7503
6081|29|442|7503020|Lemito|7503
6082|29|442|7503021|Wanggarasi|7503
6083|29|442|7503030|Marisa|7503
6084|29|442|7503031|Patilanggio|7503
6085|29|442|7503032|Buntulia|7503
6086|29|442|7503033|Duhiadaa|7503
6087|29|442|7503040|Randangan|7503
6088|29|442|7503041|Taluditi|7503
6089|29|442|7503050|Paguat|7503
6090|29|442|7503051|Dengilo|7503
6091|29|443|7504010|Tapa|7504
6092|29|443|7504011|Bulango Utara|7504
6093|29|443|7504012|Bulango Selatan|7504
6094|29|443|7504013|Bulango Timur|7504
6095|29|443|7504014|Bulango Ulu|7504
6096|29|443|7504020|Kabila|7504
6097|29|443|7504021|Botu Pingge|7504
6098|29|443|7504022|Tilongkabila|7504
6099|29|443|7504030|Suwawa|7504
6100|29|443|7504031|Suwawa Selatan|7504
6101|29|443|7504032|Suwawa Timur|7504
6102|29|443|7504033|Suwawa Tengah|7504
6103|29|443|7504034|Pinogu|7504
6104|29|443|7504040|Bonepantai|7504
6105|29|443|7504041|Kabila Bone|7504
6106|29|443|7504042|Bone Raya|7504
6107|29|443|7504043|Bone|7504
6108|29|443|7504044|Bulawa|7504
6109|29|444|7505010|Atinggola|7505
6110|29|444|7505011|Gentuma Raya|7505
6111|29|444|7505020|Kwandang|7505
6112|29|444|7505021|Tomilito|7505
6113|29|444|7505022|Ponelo Kepulauan|7505
6114|29|444|7505030|Anggrek|7505
6115|29|444|7505031|Monano|7505
6116|29|444|7505040|Sumalata|7505
6117|29|444|7505041|Sumalata Timur|7505
6118|29|444|7505050|Tolinggula|7505
6119|29|444|7505051|Biau|7505
6120|29|445|7571010|Kota Barat|7571
6121|29|445|7571011|Dungingi|7571
6122|29|445|7571020|Kota Selatan|7571
6123|29|445|7571021|Kota Timur|7571
6124|29|445|7571022|Hulonthalangi|7571
6125|29|445|7571023|Dumbo Raya|7571
6126|29|445|7571030|Kota Utara|7571
6127|29|445|7571031|Kota Tengah|7571
6128|29|445|7571032|Sipatana|7571
6129|30|446|7601010|Banggae|7601
6130|30|446|7601011|Banggae Timur|7601
6131|30|446|7601020|Pamboang|7601
6132|30|446|7601030|Sendana|7601
6133|30|446|7601031|Tammerodo|7601
6134|30|446|7601033|Tubo Sendana|7601
6135|30|446|7601040|Malunda|7601
6136|30|446|7601041|Ulumanda|7601
6137|30|447|7602010|Tinambung|7602
6138|30|447|7602011|Balanipa|7602
6139|30|447|7602012|Limboro|7602
6140|30|447|7602020|Tubbi Taramanu|7602
6141|30|447|7602021|Alu|7602
6142|30|447|7602030|Campalagian|7602
6143|30|447|7602031|Luyo|7602
6144|30|447|7602040|Wonomulyo|7602
6145|30|447|7602041|Mapilli|7602
6146|30|447|7602042|Tapango|7602
6147|30|447|7602043|Matakali|7602
6148|30|447|7602044|Bulo|7602
6149|30|447|7602050|Polewali|7602
6150|30|447|7602051|Binuang|7602
6151|30|447|7602052|Anreapi|7602
6152|30|447|7602061|Matangnga|7602
6153|30|448|7603010|Sumarorong|7603
6154|30|448|7603020|Messawa|7603
6155|30|448|7603030|Pana|7603
6156|30|448|7603031|Nosu|7603
6157|30|448|7603040|Tabang|7603
6158|30|448|7603050|Mamasa|7603
6159|30|448|7603060|Tanduk Kalua|7603
6160|30|448|7603061|Balla|7603
6161|30|448|7603070|Sesenapadang|7603
6162|30|448|7603071|Tawalian|7603
6163|30|448|7603080|Mambi|7603
6164|30|448|7603081|Bambang|7603
6165|30|448|7603082|Rantebulahan Timur|7603
6166|30|448|7603083|Mehalaan|7603
6167|30|448|7603090|Aralle|7603
6168|30|448|7603091|Buntu Malangka|7603
6169|30|448|7603100|Tabulahan|7603
6170|30|449|7604010|Tapalang|7604
6171|30|449|7604011|Tapalang Barat|7604
6172|30|449|7604020|Mamuju|7604
6173|30|449|7604022|Simboro|7604
6174|30|449|7604023|Balabalakang|7604
6175|30|449|7604030|Kalukku|7604
6176|30|449|7604031|Papalang|7604
6177|30|449|7604032|Sampaga|7604
6178|30|449|7604033|Tommo|7604
6179|30|449|7604040|Kalumpang|7604
6180|30|449|7604041|Bonehau|7604
6181|30|450|7605010|Sarudu|7605
6182|30|450|7605011|Dapurang|7605
6183|30|450|7605012|Duripoku|7605
6184|30|450|7605020|Baras|7605
6185|30|450|7605021|Bulu Taba|7605
6186|30|450|7605022|Lariang|7605
6187|30|450|7605030|Pasangkayu|7605
6188|30|450|7605031|Tikke Raya|7605
6189|30|450|7605032|Pedongga|7605
6190|30|450|7605040|Bambalamotu|7605
6191|30|450|7605041|Bambaira|7605
6192|30|450|7605042|Sarjo|7605
6193|30|451|7606010|Pangale|7606
6194|30|451|7606020|Budong-budong|7606
6195|30|451|7606030|Tobadak|7606
6196|30|451|7606040|Topoyo|7606
6197|30|451|7606050|Karossa|7606
6198|31|452|8101040|Tanimbar Selatan|8101
6199|31|452|8101041|Wer Tamrian|8101
6200|31|452|8101042|Wer Maktian|8101
6201|31|452|8101043|Selaru|8101
6202|31|452|8101050|Tanimbar Utara|8101
6203|31|452|8101051|Yaru|8101
6204|31|452|8101052|Wuar Labobar|8101
6205|31|452|8101053|Nirunmas|8101
6206|31|452|8101054|Kormomolin|8101
6207|31|452|8101055|Molu Maru|8101
6208|31|453|8102010|Kei Kecil|8102
6209|31|453|8102012|Kei Kecil Barat|8102
6210|31|453|8102013|Kei Kecil Timur|8102
6211|31|453|8102014|Hoat Sorbay|8102
6212|31|453|8102015|Manyeuw|8102
6213|31|453|8102016|Kei Kecil Timur Selatan|8102
6214|31|453|8102020|Kei Besar|8102
6215|31|453|8102021|Kei Besar Utara Timur|8102
6216|31|453|8102022|Kei Besar Selatan|8102
6217|31|453|8102023|Kei Besar Utara Barat|8102
6218|31|453|8102024|Kei Besar Selatan Barat|8102
6219|31|454|8103010|Banda|8103
6220|31|454|8103040|Tehoru|8103
6221|31|454|8103041|Telutih|8103
6222|31|454|8103050|Amahai|8103
6223|31|454|8103051|Kota Masohi|8103
6224|31|454|8103052|Teluk Elpaputih|8103
6225|31|454|8103060|Teon Nila Serua|8103
6226|31|454|8103080|Saparua|8103
6227|31|454|8103081|Nusalaut|8103
6228|31|454|8103082|Saparua Timur|8103
6229|31|454|8103090|P. Haruku|8103
6230|31|454|8103100|Salahutu|8103
6231|31|454|8103110|Leihitu|8103
6232|31|454|8103111|Leihitu Barat|8103
6233|31|454|8103140|Seram Utara|8103
6234|31|454|8103141|Seram Utara Barat|8103
6235|31|454|8103142|Seram Utara Timur Kobi|8103
6236|31|454|8103143|Seram Utara Timur Seti|8103
6237|31|455|8104020|Namlea|8104
6238|31|455|8104021|Waeapo|8104
6239|31|455|8104022|Waplau|8104
6240|31|455|8104023|Bata Bual|8104
6241|31|455|8104024|Teluk Kaiely|8104
6242|31|455|8104025|Waelata|8104
6243|31|455|8104026|Lolong Guba|8104
6244|31|455|8104027|Lilialy|8104
6245|31|455|8104030|Air Buaya|8104
6246|31|455|8104031|Fena Leisela|8104
6247|31|456|8105010|Aru Selatan|8105
6248|31|456|8105011|Aru Selatan Timur|8105
6249|31|456|8105012|Aru Selatan Utara|8105
6250|31|456|8105020|Aru Tengah|8105
6251|31|456|8105021|Aru Tengah Timur|8105
6252|31|456|8105022|Aru Tengah Selatan|8105
6253|31|456|8105030|Pulau-pulau Aru|8105
6254|31|456|8105031|Aru Utara|8105
6255|31|456|8105032|Aru Utara Timur Batuley|8105
6256|31|456|8105033|Sir-sir|8105
6257|31|457|8106010|Huamual Belakang|8106
6258|31|457|8106011|Kepulauan Manipa|8106
6259|31|457|8106020|Seram Barat|8106
6260|31|457|8106021|Huamual|8106
6261|31|457|8106030|Kairatu|8106
6262|31|457|8106031|Kairatu Barat|8106
6263|31|457|8106032|Inamosol|8106
6264|31|457|8106033|Amalatu|8106
6265|31|457|8106034|Elpaputih|8106
6266|31|457|8106040|Taniwel|8106
6267|31|457|8106041|Taniwel Timur|8106
6268|31|458|8107010|Pulau Gorom|8107
6269|31|458|8107011|Wakate|8107
6270|31|458|8107012|Teor|8107
6271|31|458|8107013|Gorom Timur|8107
6272|31|458|8107014|Pulau Panjang|8107
6273|31|458|8107020|Seram Timur|8107
6274|31|458|8107021|Tutuk Tolu|8107
6275|31|458|8107022|Kilmury|8107
6276|31|458|8107023|Lian Vitu|8107
6277|31|458|8107024|Kian Darat|8107
6278|31|458|8107030|Werinama|8107
6279|31|458|8107031|Siwalalat|8107
6280|31|458|8107040|Bula|8107
6281|31|458|8107041|Bula Barat|8107
6282|31|458|8107042|Teluk Waru|8107
6283|31|459|8108010|Wetar|8108
6284|31|459|8108011|Wetar Barat|8108
6285|31|459|8108012|Wetar Utara|8108
6286|31|459|8108013|Wetar Timur|8108
6287|31|459|8108020|Pp. Terselatan|8108
6288|31|459|8108021|Kisar Utara|8108
6289|31|459|8108022|Kepulauan Romang|8108
6290|31|459|8108030|Letti|8108
6291|31|459|8108041|Moa|8108
6292|31|459|8108042|Lakor|8108
6293|31|459|8108050|Damer|8108
6294|31|459|8108060|Mdona Hiera|8108
6295|31|459|8108070|Pp. Babar|8108
6296|31|459|8108071|Pulau Wetang|8108
6297|31|459|8108080|Babar Timur|8108
6298|31|459|8108081|Pulau Masela|8108
6299|31|459|8108082|Dawelor Dawera|8108
6300|31|460|8109010|Kepala Madan|8109
6301|31|460|8109020|Leksula|8109
6302|31|460|8109021|Fena Fafan|8109
6303|31|460|8109030|Namrole|8109
6304|31|460|8109040|Waisama|8109
6305|31|460|8109050|Ambalau|8109
6306|31|461|8171010|Nusaniwe|8171
6307|31|461|8171020|Sirimau|8171
6308|31|461|8171021|Leitimur Selatan|8171
6309|31|461|8171030|Teluk Ambon Baguala|8171
6310|31|461|8171031|Teluk Ambon|8171
6311|31|462|8172010|Pp. Kur|8172
6312|31|462|8172011|Kur Selatan|8172
6313|31|462|8172020|Tayando Tam|8172
6314|31|462|8172030|Pulau Dullah Utara|8172
6315|31|462|8172040|Pulau Dullah Selatan|8172
6316|32|463|8201090|Jailolo|8201
6317|32|463|8201091|Jailolo Selatan|8201
6318|32|463|8201100|Sahu|8201
6319|32|463|8201101|Sahu Timur|8201
6320|32|463|8201130|Ibu|8201
6321|32|463|8201131|Ibu Selatan|8201
6322|32|463|8201132|Tabaru|8201
6323|32|463|8201140|Loloda|8201
6324|32|464|8202030|Weda|8202
6325|32|464|8202031|Weda Selatan|8202
6326|32|464|8202032|Weda Utara|8202
6327|32|464|8202033|Weda Tengah|8202
6328|32|464|8202034|Weda Timur|8202
6329|32|464|8202041|Pulau Gebe|8202
6330|32|464|8202042|Patani|8202
6331|32|464|8202043|Patani Utara|8202
6332|32|464|8202044|Patani Barat|8202
6333|32|464|8202045|Patani Timur|8202
6334|32|465|8203010|Sula Besi Barat|8203
6335|32|465|8203011|Sulabesi Selatan|8203
6336|32|465|8203020|Sanana|8203
6337|32|465|8203021|Sula Besi Tengah|8203
6338|32|465|8203022|Sulabesi Timur|8203
6339|32|465|8203023|Sanana Utara|8203
6340|32|465|8203030|Mangoli Timur|8203
6341|32|465|8203031|Mangoli Tengah|8203
6342|32|465|8203032|Mangoli Utara Timur|8203
6343|32|465|8203040|Mangoli Barat|8203
6344|32|465|8203041|Mangoli Utara|8203
6345|32|465|8203042|Mangoli Selatan|8203
6346|32|466|8204010|Obi Selatan|8204
6347|32|466|8204020|Obi|8204
6348|32|466|8204021|Obi Barat|8204
6349|32|466|8204022|Obi Timur|8204
6350|32|466|8204023|Obi Utara|8204
6351|32|466|8204030|Bacan|8204
6352|32|466|8204031|Mandioli Selatan|8204
6353|32|466|8204032|Mandioli Utara|8204
6354|32|466|8204033|Bacan Selatan|8204
6355|32|466|8204034|Batang Lomang|8204
6356|32|466|8204040|Bacan Timur|8204
6357|32|466|8204041|Bacan Timur Selatan|8204
6358|32|466|8204042|Bacan Timur Tengah|8204
6359|32|466|8204050|Bacan Barat|8204
6360|32|466|8204051|Kasiruta Barat|8204
6361|32|466|8204052|Kasiruta Timur|8204
6362|32|466|8204053|Bacan Barat Utara|8204
6363|32|466|8204060|Kayoa|8204
6364|32|466|8204061|Kayoa Barat|8204
6365|32|466|8204062|Kayoa Selatan|8204
6366|32|466|8204063|Kayoa Utara|8204
6367|32|466|8204070|Pulau Makian|8204
6368|32|466|8204071|Makian Barat|8204
6369|32|466|8204080|Gane Barat|8204
6370|32|466|8204081|Gane Barat Selatan|8204
6371|32|466|8204082|Gane Barat Utara|8204
6372|32|466|8204083|Kepulauan Joronga|8204
6373|32|466|8204090|Gane Timur|8204
6374|32|466|8204091|Gane Timur Tengah|8204
6375|32|466|8204092|Gane Timur Selatan|8204
6376|32|467|8205010|Malifut|8205
6377|32|467|8205011|Kao Teluk|8205
6378|32|467|8205020|Kao|8205
6379|32|467|8205021|Kao Barat|8205
6380|32|467|8205022|Kao Utara|8205
6381|32|467|8205030|Tobelo Selatan|8205
6382|32|467|8205031|Tobelo Barat|8205
6383|32|467|8205032|Tobelo Timur|8205
6384|32|467|8205040|Tobelo|8205
6385|32|467|8205041|Tobelo Tengah|8205
6386|32|467|8205042|Tobelo Utara|8205
6387|32|467|8205050|Galela|8205
6388|32|467|8205051|Galela Selatan|8205
6389|32|467|8205052|Galela Barat|8205
6390|32|467|8205053|Galela Utara|8205
6391|32|467|8205060|Loloda Utara|8205
6392|32|467|8205061|Loloda Kepulauan|8205
6393|32|468|8206010|Maba Selatan|8206
6394|32|468|8206011|Kota Maba|8206
6395|32|468|8206020|Wasile Selatan|8206
6396|32|468|8206030|Wasile|8206
6397|32|468|8206031|Wasile Timur|8206
6398|32|468|8206032|Wasile Tengah|8206
6399|32|468|8206033|Wasile Utara|8206
6400|32|468|8206040|Maba|8206
6401|32|468|8206041|Maba Tengah|8206
6402|32|468|8206042|Maba Utara|8206
6403|32|469|8207010|Morotai Selatan|8207
6404|32|469|8207020|Morotai Timur|8207
6405|32|469|8207030|Morotai Selatan Barat|8207
6406|32|469|8207040|Morotai Jaya|8207
6407|32|469|8207050|Morotai Utara|8207
6408|32|470|8208010|Taliabu Barat|8208
6409|32|470|8208020|Taliabu Selatan|8208
6410|32|470|8208030|Tabona|8208
6411|32|470|8208040|Taliabu Timur Selatan|8208
6412|32|470|8208050|Taliabu Timur|8208
6413|32|470|8208060|Taliabu Utara|8208
6414|32|470|8208070|Lede|8208
6415|32|470|8208080|Taliabu Barat Laut|8208
6416|32|471|8271010|Pulau Ternate|8271
6417|32|471|8271011|Moti|8271
6418|32|471|8271012|Pulau Batang Dua|8271
6419|32|471|8271013|Pulau Hiri|8271
6420|32|471|8271014|Ternate Barat|8271
6421|32|471|8271020|Ternate Selatan|8271
6422|32|471|8271021|Ternate Tengah|8271
6423|32|471|8271030|Ternate Utara|8271
6424|32|472|8272010|Tidore Selatan|8272
6425|32|472|8272020|Tidore Utara|8272
6426|32|472|8272030|Tidore|8272
6427|32|472|8272031|Tidore Timur|8272
6428|32|472|8272040|Oba|8272
6429|32|472|8272041|Oba Selatan|8272
6430|32|472|8272050|Oba Utara|8272
6431|32|472|8272051|Oba Tengah|8272
6432|33|473|9101050|Fakfak Timur|9101
6433|33|473|9101051|Karas|9101
6434|33|473|9101052|Fakfak Timur Tengah|9101
6435|33|473|9101060|Fakfak|9101
6436|33|473|9101061|Fakfak Tengah|9101
6437|33|473|9101062|Pariwari|9101
6438|33|473|9101070|Fakfak Barat|9101
6439|33|473|9101071|Wartutin|9101
6440|33|473|9101080|Kokas|9101
6441|33|473|9101081|Teluk Patipi|9101
6442|33|473|9101082|Kramongmongga|9101
6443|33|473|9101083|Bomberay|9101
6444|33|473|9101084|Arguni|9101
6445|33|473|9101085|Mbahamdandara|9101
6446|33|473|9101086|Furwagi|9101
6447|33|473|9101087|Kayauni|9101
6448|33|473|9101088|Tomage|9101
6449|33|474|9102010|Buruway|9102
6450|33|474|9102020|Teluk Arguni|9102
6451|33|474|9102021|Teluk Arguni Bawah|9102
6452|33|474|9102030|Kaimana|9102
6453|33|474|9102031|Kambrau|9102
6454|33|474|9102040|Teluk Etna|9102
6455|33|474|9102041|Yamor|9102
6456|33|475|9103010|Naikere|9103
6457|33|475|9103020|Wondiboy|9103
6458|33|475|9103021|Rasiey|9103
6459|33|475|9103022|Kuri Wamesa|9103
6460|33|475|9103030|Wasior|9103
6461|33|475|9103040|Duairi|9103
6462|33|475|9103041|Roon|9103
6463|33|475|9103050|Windesi|9103
6464|33|475|9103051|Nikiwar|9103
6465|33|475|9103060|Wamesa|9103
6466|33|475|9103061|Roswar|9103
6467|33|475|9103070|Rumberpon|9103
6468|33|475|9103071|Soug Jaya|9103
6469|33|476|9104010|Fafurwar|9104
6470|33|476|9104020|Babo|9104
6471|33|476|9104021|Sumuri|9104
6472|33|476|9104022|Aroba|9104
6473|33|476|9104023|Kaitaro|9104
6474|33|476|9104030|Kuri|9104
6475|33|476|9104040|Wamesa|9104
6476|33|476|9104050|Bintuni|9104
6477|33|476|9104051|Manimeri|9104
6478|33|476|9104052|Tuhiba|9104
6479|33|476|9104053|Dataran Beimes|9104
6480|33|476|9104060|Tembuni|9104
6481|33|476|9104070|Aranday|9104
6482|33|476|9104071|Kamundan|9104
6483|33|476|9104072|Tomu|9104
6484|33|476|9104073|Weriagar|9104
6485|33|476|9104080|Moskona Selatan|9104
6486|33|476|9104081|Meyado|9104
6487|33|476|9104082|Moskona Barat|9104
6488|33|476|9104090|Merdey|9104
6489|33|476|9104091|Biscoop|9104
6490|33|476|9104092|Masyeta|9104
6491|33|476|9104100|Moskona Utara|9104
6492|33|476|9104101|Moskona Timur|9104
6493|33|477|9105110|Warmare|9105
6494|33|477|9105120|Prafi|9105
6495|33|477|9105141|Manokwari Barat|9105
6496|33|477|9105142|Manokwari Timur|9105
6497|33|477|9105143|Manokwari Utara|9105
6498|33|477|9105144|Manokwari Selatan|9105
6499|33|477|9105146|Tanah Rubu|9105
6500|33|477|9105170|Masni|9105
6501|33|477|9105171|Sidey|9105
6502|33|478|9106010|Inanwatan|9106
6503|33|478|9106011|Metemani|9106
6504|33|478|9106020|Kokoda|9106
6505|33|478|9106021|Kais|9106
6506|33|478|9106022|Kokoda Utara|9106
6507|33|478|9106023|Kais Darat|9106
6508|33|478|9106060|Moswaren|9106
6509|33|478|9106070|Teminabuan|9106
6510|33|478|9106071|Seremuk|9106
6511|33|478|9106072|Wayer|9106
6512|33|478|9106073|Konda|9106
6513|33|478|9106074|Saifi|9106
6514|33|478|9106080|Sawiat|9106
6515|33|478|9106081|Fokour|9106
6516|33|478|9106082|Salkma|9106
6517|33|479|9107061|Klaso|9107
6518|33|479|9107062|Saengkeduk|9107
6519|33|479|9107100|Makbon|9107
6520|33|479|9107101|Klayili|9107
6521|33|479|9107110|Beraur|9107
6522|33|479|9107111|Klamono|9107
6523|33|479|9107112|Klabot|9107
6524|33|479|9107113|Klawak|9107
6525|33|479|9107114|Bagun|9107
6526|33|479|9107115|Klasafet|9107
6527|33|479|9107116|Malabotom|9107
6528|33|479|9107118|Botain|9107
6529|33|479|9107119|Konhir|9107
6530|33|479|9107120|Salawati|9107
6531|33|479|9107121|Mayamuk|9107
6532|33|479|9107122|Salawati Timur|9107
6533|33|479|9107123|Hobard|9107
6534|33|479|9107124|Buk|9107
6535|33|479|9107130|Seget|9107
6536|33|479|9107131|Segun|9107
6537|33|479|9107132|Salawati Selatan|9107
6538|33|479|9107133|Salawati Tengah|9107
6539|33|479|9107170|Aimas|9107
6540|33|479|9107171|Mariat|9107
6541|33|479|9107172|Sorong|9107
6542|33|479|9107180|Sayosa|9107
6543|33|479|9107181|Maudus|9107
6544|33|479|9107182|Wemak|9107
6545|33|479|9107183|Sayosa Timur|9107
6546|33|479|9107184|Sunook|9107
6547|33|480|9108011|Misool Selatan|9108
6548|33|480|9108012|Misool Barat|9108
6549|33|480|9108020|Misool|9108
6550|33|480|9108021|Kofiau|9108
6551|33|480|9108022|Misool Timur|9108
6552|33|480|9108023|Kepulauan Sembilan|9108
6553|33|480|9108031|Salawati Utara|9108
6554|33|480|9108033|Salawati Tengah|9108
6555|33|480|9108034|Salawati Barat|9108
6556|33|480|9108035|Batanta Selatan|9108
6557|33|480|9108036|Batanta Utara|9108
6558|33|480|9108040|Waigeo Selatan|9108
6559|33|480|9108041|Teluk Mayalibit|9108
6560|33|480|9108042|Meos Mansar|9108
6561|33|480|9108043|Kota Waisai|9108
6562|33|480|9108044|Tiplol Mayalibit|9108
6563|33|480|9108050|Waigeo Barat|9108
6564|33|480|9108051|Waigeo Barat Kepulauan|9108
6565|33|480|9108060|Waigeo Utara|9108
6566|33|480|9108061|Warwarbomi|9108
6567|33|480|9108062|Supnin|9108
6568|33|480|9108070|Kepulauan Ayau|9108
6569|33|480|9108071|Ayau|9108
6570|33|480|9108080|Waigeo Timur|9108
6571|33|481|9109010|Fef|9109
6572|33|481|9109011|Syujak|9109
6573|33|481|9109012|Ases|9109
6574|33|481|9109013|Tinggouw|9109
6575|33|481|9109020|Miyah|9109
6576|33|481|9109021|Miyah Selatan|9109
6577|33|481|9109022|Ireres|9109
6578|33|481|9109023|Wilhem Roumbouts|9109
6579|33|481|9109030|Abun|9109
6580|33|481|9109040|Kwoor|9109
6581|33|481|9109041|Tobouw|9109
6582|33|481|9109042|Kwesefo|9109
6583|33|481|9109050|Sausapor|9109
6584|33|481|9109051|Bikar|9109
6585|33|481|9109060|Yembun|9109
6586|33|481|9109061|Bamusbama|9109
6587|33|481|9109070|Kebar|9109
6588|33|481|9109071|Kebar Timur|9109
6589|33|481|9109072|Kebar Selatan|9109
6590|33|481|9109073|Manekar|9109
6591|33|481|9109080|Senopi|9109
6592|33|481|9109081|Mawabuan|9109
6593|33|481|9109090|Amberbaken|9109
6594|33|481|9109091|Mpur|9109
6595|33|481|9109092|Amberbaken Barat|9109
6596|33|481|9109100|Mubarni /Arfu|9109
6597|33|481|9109110|Moraid|9109
6598|33|481|9109111|Selemkai|9109
6599|33|482|9110010|Aitinyo Barat/athabu|9110
6600|33|482|9110011|Ayamaru Selatan Jaya|9110
6601|33|482|9110020|Aitinyo|9110
6602|33|482|9110021|Aitinyo Tengah|9110
6603|33|482|9110030|Aifat Selatan|9110
6604|33|482|9110031|Aifat Timur Selatan|9110
6605|33|482|9110040|Aifat|9110
6606|33|482|9110050|Aitinyo Utara|9110
6607|33|482|9110051|Aitinyo Raya|9110
6608|33|482|9110060|Ayamaru Timur|9110
6609|33|482|9110061|Ayamaru Timur Selatan|9110
6610|33|482|9110070|Ayamaru|9110
6611|33|482|9110071|Ayamaru Selatan|9110
6612|33|482|9110072|Ayamaru Jaya|9110
6613|33|482|9110073|Ayamaru Tengah|9110
6614|33|482|9110074|Ayamaru Barat|9110
6615|33|482|9110080|Ayamaru Utara|9110
6616|33|482|9110081|Ayamaru Utara Timur|9110
6617|33|482|9110090|Mare|9110
6618|33|482|9110091|Mare Selatan|9110
6619|33|482|9110100|Aifat Utara|9110
6620|33|482|9110110|Aifat Timur|9110
6621|33|482|9110111|Aifat Timur Tengah|9110
6622|33|482|9110112|Aifat Timur Jauh|9110
6623|33|483|9111010|Tahota|9111
6624|33|483|9111020|Dataran Isim|9111
6625|33|483|9111030|Nenei|9111
6626|33|483|9111040|Momi Waren|9111
6627|33|483|9111050|Ransiki|9111
6628|33|483|9111060|Oransbari|9111
6629|33|484|9112010|Didohu|9112
6630|33|484|9112020|Sururey|9112
6631|33|484|9112030|Anggi Gida|9112
6632|33|484|9112040|Membey|9112
6633|33|484|9112050|Anggi|9112
6634|33|484|9112060|Taige|9112
6635|33|484|9112070|Hingk|9112
6636|33|484|9112080|Menyambouw|9112
6637|33|484|9112090|Catubouw|9112
6638|33|484|9112100|Testega|9112
6639|33|485|9171010|Sorong Barat|9171
6640|33|485|9171011|Sorong Kepulauan|9171
6641|33|485|9171012|Maladum Mes|9171
6642|33|485|9171020|Sorong Timur|9171
6643|33|485|9171021|Sorong Utara|9171
6644|33|485|9171022|Sorong|9171
6645|33|485|9171023|Sorong Manoi|9171
6646|33|485|9171024|Klaurung|9171
6647|33|485|9171025|Malaimsimsa|9171
6648|33|485|9171026|Sorong Kota|9171
6649|34|486|9401010|Kimaam|9401
6650|34|486|9401011|Waan|9401
6651|34|486|9401012|Tabonji|9401
6652|34|486|9401013|Ilwayab|9401
6653|34|486|9401020|Okaba|9401
6654|34|486|9401021|Tubang|9401
6655|34|486|9401022|Ngguti|9401
6656|34|486|9401023|Kaptel|9401
6657|34|486|9401030|Kurik|9401
6658|34|486|9401031|Malind|9401
6659|34|486|9401032|Animha|9401
6660|34|486|9401040|Merauke|9401
6661|34|486|9401041|Semangga|9401
6662|34|486|9401042|Tanah Miring|9401
6663|34|486|9401043|Jagebob|9401
6664|34|486|9401044|Sota|9401
6665|34|486|9401045|Naukenjerai|9401
6666|34|486|9401050|Muting|9401
6667|34|486|9401051|Eligobel|9401
6668|34|486|9401052|Ulilin|9401
6669|34|487|9402110|Wamena|9402
6670|34|487|9402111|Asolokobal|9402
6671|34|487|9402112|Walelagama|9402
6672|34|487|9402113|Trikora|9402
6673|34|487|9402114|Napua|9402
6674|34|487|9402115|Walaik|9402
6675|34|487|9402116|Wouma|9402
6676|34|487|9402117|Walesi|9402
6677|34|487|9402118|Asotipo|9402
6678|34|487|9402119|Maima|9402
6679|34|487|9402120|Hubikosi|9402
6680|34|487|9402121|Pelebaga|9402
6681|34|487|9402122|Ibele|9402
6682|34|487|9402123|Tailarek|9402
6683|34|487|9402124|Hubikiak|9402
6684|34|487|9402180|Asologaima|9402
6685|34|487|9402181|Musatfak|9402
6686|34|487|9402182|Silo Karno Doga|9402
6687|34|487|9402183|Pyramid|9402
6688|34|487|9402184|Muliama|9402
6689|34|487|9402185|Wame|9402
6690|34|487|9402190|Kurulu|9402
6691|34|487|9402191|Usilimo|9402
6692|34|487|9402192|Wita Waya|9402
6693|34|487|9402193|Libarek|9402
6694|34|487|9402194|Wadangku|9402
6695|34|487|9402195|Pisugi|9402
6696|34|487|9402220|Bolakme|9402
6697|34|487|9402221|Wollo|9402
6698|34|487|9402222|Yalengga|9402
6699|34|487|9402223|Tagime|9402
6700|34|487|9402224|Molagalome|9402
6701|34|487|9402225|Tagineri|9402
6702|34|487|9402226|Bugi|9402
6703|34|487|9402227|Bpiri|9402
6704|34|487|9402228|Koragi|9402
6705|34|487|9402611|Itlay Hasige|9402
6706|34|487|9402612|Siepkosi|9402
6707|34|487|9402614|Popugoba|9402
6708|34|488|9403080|Kaureh|9403
6709|34|488|9403081|Airu|9403
6710|34|488|9403082|Yapsi|9403
6711|34|488|9403140|Kemtuk|9403
6712|34|488|9403150|Kemtuk Gresi|9403
6713|34|488|9403151|Gresi Selatan|9403
6714|34|488|9403160|Nimboran|9403
6715|34|488|9403161|Nimboran Timur /Namblong|9403
6716|34|488|9403170|Nimbokrang|9403
6717|34|488|9403180|Unurum Guay|9403
6718|34|488|9403200|Demta|9403
6719|34|488|9403201|Yokari|9403
6720|34|488|9403210|Depapre|9403
6721|34|488|9403211|Ravenirara|9403
6722|34|488|9403220|Sentani Barat|9403
6723|34|488|9403221|Waibu|9403
6724|34|488|9403230|Sentani|9403
6725|34|488|9403231|Ebungfau|9403
6726|34|488|9403240|Sentani Timur|9403
6727|34|489|9404050|Uwapa|9404
6728|34|489|9404051|Menou|9404
6729|34|489|9404052|Dipa|9404
6730|34|489|9404060|Yaur|9404
6731|34|489|9404061|Teluk Umar|9404
6732|34|489|9404070|Wanggar|9404
6733|34|489|9404071|Nabire Barat|9404
6734|34|489|9404080|Nabire|9404
6735|34|489|9404081|Teluk Kimi|9404
6736|34|489|9404090|Napan|9404
6737|34|489|9404091|Makimi|9404
6738|34|489|9404092|Wapoga|9404
6739|34|489|9404093|Kepulauan Moora|9404
6740|34|489|9404100|Siriwo|9404
6741|34|489|9404110|Yaro|9404
6742|34|490|9408040|Yapen Timur|9408
6743|34|490|9408041|Pantura Yapen|9408
6744|34|490|9408042|Teluk Ampimoi|9408
6745|34|490|9408043|Raimbawi|9408
6746|34|490|9408044|Pulau Kurudu|9408
6747|34|490|9408050|Angkaisera|9408
6748|34|490|9408051|Kep. Ambai|9408
6749|34|490|9408052|Yawakukat|9408
6750|34|490|9408060|Yapen Selatan|9408
6751|34|490|9408061|Kosiwo|9408
6752|34|490|9408062|Anataurei|9408
6753|34|490|9408070|Yapen Barat|9408
6754|34|490|9408071|Wonawa|9408
6755|34|490|9408072|Pulau Yerui|9408
6756|34|490|9408080|Poom|9408
6757|34|490|9408081|Windesi|9408
6758|34|491|9409010|Numfor Barat|9409
6759|34|491|9409011|Orkeri|9409
6760|34|491|9409020|Numfor Timur|9409
6761|34|491|9409021|Bruyadori|9409
6762|34|491|9409022|Poiru|9409
6763|34|491|9409030|Padaido|9409
6764|34|491|9409031|Aimando Padaido|9409
6765|34|491|9409040|Biak Timur|9409
6766|34|491|9409041|Oridek|9409
6767|34|491|9409050|Biak Kota|9409
6768|34|491|9409060|Samofa|9409
6769|34|491|9409070|Yendidori|9409
6770|34|491|9409080|Biak Utara|9409
6771|34|491|9409081|Andey|9409
6772|34|491|9409090|Warsa|9409
6773|34|491|9409091|Yawosi|9409
6774|34|491|9409092|Bondifuar|9409
6775|34|491|9409100|Biak Barat|9409
6776|34|491|9409101|Swandiwe|9409
6777|34|492|9410030|Paniai Timur|9410
6778|34|492|9410031|Yatamo|9410
6779|34|492|9410032|Kebo|9410
6780|34|492|9410033|Pugo Dagi|9410
6781|34|492|9410034|Wege Muka|9410
6782|34|492|9410035|Wegee Bino|9410
6783|34|492|9410036|Yagai|9410
6784|34|492|9410040|Bibida|9410
6785|34|492|9410041|Dumadama|9410
6786|34|492|9410070|Aradide|9410
6787|34|492|9410071|Ekadide|9410
6788|34|492|9410072|Aweida|9410
6789|34|492|9410073|Fajar Timur|9410
6790|34|492|9410074|Topiyai|9410
6791|34|492|9410080|Paniai Barat|9410
6792|34|492|9410081|Siriwo|9410
6793|34|492|9410082|Muye|9410
6794|34|492|9410083|Nakama|9410
6795|34|492|9410084|Teluk Deya|9410
6796|34|492|9410090|Bogobaida|9410
6797|34|493|9411040|Fawi|9411
6798|34|493|9411041|Dagai|9411
6799|34|493|9411042|Kiyage|9411
6800|34|493|9411050|Mulia|9411
6801|34|493|9411053|Yambi|9411
6802|34|493|9411054|Ilamburawi|9411
6803|34|493|9411055|Muara|9411
6804|34|493|9411056|Pagaleme|9411
6805|34|493|9411057|Gurage|9411
6806|34|493|9411058|Irimuli|9411
6807|34|493|9411060|Ilu|9411
6808|34|493|9411061|Torere|9411
6809|34|493|9411063|Yamoneri|9411
6810|34|493|9411064|Waegi|9411
6811|34|493|9411065|Nume|9411
6812|34|493|9411066|Nioga|9411
6813|34|493|9411067|Gubume|9411
6814|34|493|9411068|Taganombak|9411
6815|34|493|9411070|Tingginambut|9411
6816|34|493|9411071|Kalome|9411
6817|34|493|9411072|Wanwi|9411
6818|34|493|9411080|Mewoluk|9411
6819|34|493|9411081|Lumo|9411
6820|34|493|9411082|Molanikime|9411
6821|34|493|9411090|Yamo|9411
6822|34|493|9411091|Dokome|9411
6823|34|494|9412010|Mimika Barat|9412
6824|34|494|9412011|Mimika Barat Jauh|9412
6825|34|494|9412012|Mimika Barat Tengah|9412
6826|34|494|9412013|Amar|9412
6827|34|494|9412020|Mimika Timur|9412
6828|34|494|9412021|Mimika Tengah|9412
6829|34|494|9412022|Mimika Timur Jauh|9412
6830|34|494|9412030|Mimika Baru|9412
6831|34|494|9412031|Kuala Kencana|9412
6832|34|494|9412032|Tembagapura|9412
6833|34|494|9412033|Wania|9412
6834|34|494|9412034|Iwaka|9412
6835|34|494|9412035|Kwamki Narama|9412
6836|34|494|9412040|Agimuga|9412
6837|34|494|9412041|Jila|9412
6838|34|494|9412042|Jita|9412
6839|34|494|9412043|Alama|9412
6840|34|494|9412044|Hoya|9412
6841|34|495|9413010|Jair|9413
6842|34|495|9413011|Subur|9413
6843|34|495|9413013|Kia|9413
6844|34|495|9413020|Mindiptana|9413
6845|34|495|9413021|Iniyandit|9413
6846|34|495|9413022|Kombut|9413
6847|34|495|9413023|Sesnuk|9413
6848|34|495|9413030|Mandobo|9413
6849|34|495|9413031|Fofi|9413
6850|34|495|9413032|Arimop|9413
6851|34|495|9413040|Kouh|9413
6852|34|495|9413041|Bomakia|9413
6853|34|495|9413042|Firiwage|9413
6854|34|495|9413043|Manggelum|9413
6855|34|495|9413044|Yaniruma|9413
6856|34|495|9413045|Kawagit|9413
6857|34|495|9413046|Kombay|9413
6858|34|495|9413050|Waropko|9413
6859|34|495|9413051|Ambatkwi|9413
6860|34|495|9413052|Ninati|9413
6861|34|496|9414010|Nambioman Bapai|9414
6862|34|496|9414011|Minyamur|9414
6863|34|496|9414020|Edera|9414
6864|34|496|9414021|Venaha|9414
6865|34|496|9414022|Syahcame|9414
6866|34|496|9414023|Bamgi|9414
6867|34|496|9414024|Yakomi|9414
6868|34|496|9414030|Obaa|9414
6869|34|496|9414031|Passue|9414
6870|34|496|9414040|Haju|9414
6871|34|496|9414050|Assue|9414
6872|34|496|9414060|Citakmitak|9414
6873|34|496|9414061|Kaibar|9414
6874|34|496|9414062|Passue Bawah|9414
6875|34|496|9414063|Ti-zain|9414
6876|34|497|9415010|Pantai Kasuari|9415
6877|34|497|9415011|Kopay|9415
6878|34|497|9415012|Der Koumur|9415
6879|34|497|9415013|Safan|9415
6880|34|497|9415014|Awyu|9415
6881|34|497|9415020|Fayit|9415
6882|34|497|9415021|Aswi|9415
6883|34|497|9415030|Atsy|9415
6884|34|497|9415031|Sirets|9415
6885|34|497|9415032|Ayip|9415
6886|34|497|9415033|Bectbamu|9415
6887|34|497|9415040|Suator|9415
6888|34|497|9415041|Kolf Braza|9415
6889|34|497|9415042|Joutu|9415
6890|34|497|9415043|Koroway Buluanop|9415
6891|34|497|9415050|Akat|9415
6892|34|497|9415051|Jetsy|9415
6893|34|497|9415060|Agats|9415
6894|34|497|9415070|Sawa Erma|9415
6895|34|497|9415071|Suru-suru|9415
6896|34|497|9415072|Unir Sirau|9415
6897|34|497|9415073|Joerat|9415
6898|34|497|9415074|Pulau Tiga|9415
6899|34|498|9416010|Kurima|9416
6900|34|498|9416011|Musaik|9416
6901|34|498|9416013|Dekai|9416
6902|34|498|9416014|Obio|9416
6903|34|498|9416015|Pasema|9416
6904|34|498|9416016|Amuma|9416
6905|34|498|9416017|Suru-suru|9416
6906|34|498|9416018|Wusama|9416
6907|34|498|9416019|Silimo|9416
6908|34|498|9416020|Ninia|9416
6909|34|498|9416021|Holuwon|9416
6910|34|498|9416022|Lolat|9416
6911|34|498|9416023|Langda|9416
6912|34|498|9416024|Bomela|9416
6913|34|498|9416025|Suntamon|9416
6914|34|498|9416026|Sobaham|9416
6915|34|498|9416027|Korupun|9416
6916|34|498|9416028|Sela|9416
6917|34|498|9416029|Kwelamdua|9416
6918|34|498|9416030|Anggruk|9416
6919|34|498|9416031|Panggema|9416
6920|34|498|9416032|Walma|9416
6921|34|498|9416033|Kosarek|9416
6922|34|498|9416034|Ubahak|9416
6923|34|498|9416035|Nalca|9416
6924|34|498|9416036|Puldama|9416
6925|34|498|9416037|Nipsan|9416
6926|34|498|9416041|Samenage|9416
6927|34|498|9416042|Tangma|9416
6928|34|498|9416043|Soba|9416
6929|34|498|9416044|Mugi|9416
6930|34|498|9416045|Yogosem|9416
6931|34|498|9416046|Kayo|9416
6932|34|498|9416047|Sumo|9416
6933|34|498|9416048|Hogio|9416
6934|34|498|9416049|Ukha|9416
6935|34|498|9416051|Werima|9416
6936|34|498|9416052|Soloikma|9416
6937|34|498|9416053|Seradala|9416
6938|34|498|9416054|Kabianggama|9416
6939|34|498|9416055|Kwikma|9416
6940|34|498|9416056|Hilipuk|9416
6941|34|498|9416057|Yahuliambut|9416
6942|34|498|9416058|Hereapini|9416
6943|34|498|9416059|Ubalihi|9416
6944|34|498|9416061|Talambo|9416
6945|34|498|9416062|Pronggoli|9416
6946|34|498|9416063|Endomen|9416
6947|34|498|9416065|Kona|9416
6948|34|498|9416066|Duram|9416
6949|34|498|9416067|Dirwemna|9416
6950|34|499|9417010|Iwur|9417
6951|34|499|9417011|Kawor|9417
6952|34|499|9417012|Tarup|9417
6953|34|499|9417013|Awinbon|9417
6954|34|499|9417020|Oksibil|9417
6955|34|499|9417021|Pepera|9417
6956|34|499|9417022|Alemsom|9417
6957|34|499|9417023|Serambakon|9417
6958|34|499|9417024|Kolomdol|9417
6959|34|499|9417025|Oksop|9417
6960|34|499|9417026|Ok Bape|9417
6961|34|499|9417027|Ok Aon|9417
6962|34|499|9417030|Borme|9417
6963|34|499|9417031|Bime|9417
6964|34|499|9417032|Epumek|9417
6965|34|499|9417033|Weime|9417
6966|34|499|9417034|Pamek|9417
6967|34|499|9417035|Nongme|9417
6968|34|499|9417036|Batani|9417
6969|34|499|9417040|Okbi|9417
6970|34|499|9417041|Aboy|9417
6971|34|499|9417042|Okbab|9417
6972|34|499|9417043|Teiraplu|9417
6973|34|499|9417044|Yefta|9417
6974|34|499|9417050|Kiwirok|9417
6975|34|499|9417051|Kiwirok Timur|9417
6976|34|499|9417052|Oksebang|9417
6977|34|499|9417053|Okhika|9417
6978|34|499|9417054|Oklip|9417
6979|34|499|9417055|Oksamol|9417
6980|34|499|9417056|Okbemta|9417
6981|34|499|9417060|Batom|9417
6982|34|499|9417061|Murkim|9417
6983|34|499|9417062|Mofinop|9417
6984|34|500|9418010|Kanggime|9418
6985|34|500|9418011|Woniki|9418
6986|34|500|9418012|Nabunage|9418
6987|34|500|9418013|Gilubandu|9418
6988|34|500|9418014|Wakuo|9418
6989|34|500|9418015|Aweku|9418
6990|34|500|9418016|Bogonuk|9418
6991|34|500|9418020|Karubaga|9418
6992|34|500|9418021|Goyage|9418
6993|34|500|9418022|Wunin|9418
6994|34|500|9418023|Kondaga|9418
6995|34|500|9418024|Nelawi|9418
6996|34|500|9418025|Kuari|9418
6997|34|500|9418026|Lianogoma|9418
6998|34|500|9418027|Biuk|9418
6999|34|500|9418030|Bokondini|9418
7000|34|500|9418031|Bokoneri|9418
7001|34|500|9418032|Bewani|9418
7002|34|500|9418040|Kembu|9418
7003|34|500|9418041|Wina|9418
7004|34|500|9418042|Umagi|9418
7005|34|500|9418043|Panaga|9418
7006|34|500|9418044|Poganeri|9418
7007|34|500|9418045|Kamboneri|9418
7008|34|500|9418046|Air Garam|9418
7009|34|500|9418047|Dow|9418
7010|34|500|9418048|Wari /Taiyeve|9418
7011|34|500|9418049|Egiam|9418
7012|34|500|9418051|Nunggawi|9418
7013|34|500|9418060|Kubu|9418
7014|34|500|9418061|Anawi|9418
7015|34|500|9418062|Wugi|9418
7016|34|500|9418070|Geya|9418
7017|34|500|9418071|Wenam|9418
7018|34|500|9418080|Numba|9418
7019|34|500|9418081|Kai|9418
7020|34|500|9418090|Dundu|9418
7021|34|500|9418100|Gundagi|9418
7022|34|500|9418110|Timori|9418
7023|34|500|9418121|Yuneri|9418
7024|34|500|9418125|Tagime|9418
7025|34|500|9418126|Danime|9418
7026|34|500|9418127|Yuko|9418
7027|34|500|9418541|Telenggeme|9418
7028|34|500|9418542|Gika|9418
7029|34|500|9418543|Tagineri|9418
7030|34|501|9419021|Pantai Timur Bagian Barat|9419
7031|34|501|9419022|Pantai Timur|9419
7032|34|501|9419024|Sungai Biri|9419
7033|34|501|9419025|Veen|9419
7034|34|501|9419031|Bonggo|9419
7035|34|501|9419032|Bonggo Timur|9419
7036|34|501|9419033|Bonggo Barat|9419
7037|34|501|9419040|Tor Atas|9419
7038|34|501|9419041|Ismari|9419
7039|34|501|9419050|Sarmi|9419
7040|34|501|9419051|Sarmi Timur|9419
7041|34|501|9419052|Sarmi Selatan|9419
7042|34|501|9419053|Sobey|9419
7043|34|501|9419054|Muara Tor|9419
7044|34|501|9419055|Verkam|9419
7045|34|501|9419060|Pantai Barat|9419
7046|34|501|9419061|Apawer Hulu|9419
7047|34|501|9419062|Apawer Hilir|9419
7048|34|501|9419063|Apawer Tengah|9419
7049|34|502|9420010|Web|9420
7050|34|502|9420011|Towe|9420
7051|34|502|9420012|Yaffi|9420
7052|34|502|9420020|Senggi|9420
7053|34|502|9420021|Kaisenar|9420
7054|34|502|9420030|Waris|9420
7055|34|502|9420040|Arso|9420
7056|34|502|9420041|Arso Timur|9420
7057|34|502|9420042|Arso Barat|9420
7058|34|502|9420043|Mannem|9420
7059|34|502|9420050|Skanto|9420
7060|34|503|9426010|Waropen Bawah|9426
7061|34|503|9426011|Inggerus|9426
7062|34|503|9426012|Urei Faisei|9426
7063|34|503|9426013|Oudate|9426
7064|34|503|9426014|Wapoga|9426
7065|34|503|9426020|Masirei|9426
7066|34|503|9426021|Risei Sayati|9426
7067|34|503|9426022|Demba|9426
7068|34|503|9426023|Soyoi Mambai|9426
7069|34|503|9426024|Wonti|9426
7070|34|503|9426030|Walani|9426
7071|34|503|9426040|Kirihi|9426
7072|34|504|9427010|Supiori Selatan|9427
7073|34|504|9427011|Kepulauan Aruri|9427
7074|34|504|9427020|Supiori Utara|9427
7075|34|504|9427021|Supiori Barat|9427
7076|34|504|9427030|Supiori Timur|9427
7077|34|505|9428030|Waropen Atas|9428
7078|34|505|9428031|Benuki|9428
7079|34|505|9428032|Sawai|9428
7080|34|505|9428040|Mamberamo Ilir|9428
7081|34|505|9428050|Mamberamo Tengah|9428
7082|34|505|9428051|Iwaso|9428
7083|34|505|9428060|Mamberamo Tengah Timur|9428
7084|34|505|9428070|Rofaer|9428
7085|34|505|9428080|Mamberamo Ulu|9428
7086|34|506|9429010|Wosak|9429
7087|34|506|9429011|Moba|9429
7088|34|506|9429012|Pija|9429
7089|34|506|9429013|Kora|9429
7090|34|506|9429020|Kenyam|9429
7091|34|506|9429021|Mbuwa Tengah|9429
7092|34|506|9429022|Krepkuri|9429
7093|34|506|9429023|Embetpem|9429
7094|34|506|9429030|Geselma|9429
7095|34|506|9429031|Kilmid|9429
7096|34|506|9429032|Yenggelo|9429
7097|34|506|9429033|Alama|9429
7098|34|506|9429034|Meborok|9429
7099|34|506|9429040|Mapenduma|9429
7100|34|506|9429041|Kroptak|9429
7101|34|506|9429042|Paro|9429
7102|34|506|9429043|Kegayem|9429
7103|34|506|9429050|Mugi|9429
7104|34|506|9429051|Yal|9429
7105|34|506|9429052|Mam|9429
7106|34|506|9429060|Yigi|9429
7107|34|506|9429061|Dal|9429
7108|34|506|9429062|Nirkuri|9429
7109|34|506|9429063|Inikgal|9429
7110|34|506|9429070|Mbuwa|9429
7111|34|506|9429071|Iniye|9429
7112|34|506|9429072|Wutpaga|9429
7113|34|506|9429073|Nenggeangin|9429
7114|34|506|9429074|Mbulmu Yalma|9429
7115|34|506|9429080|Gearek|9429
7116|34|506|9429081|Pasir Putih|9429
7117|34|506|9429082|Wusi|9429
7118|34|507|9430010|Makki|9430
7119|34|507|9430011|Gupura|9430
7120|34|507|9430012|Kolawa|9430
7121|34|507|9430013|Gelok Beam|9430
7122|34|507|9430014|Awina|9430
7123|34|507|9430020|Pirime|9430
7124|34|507|9430021|Buguk Gona|9430
7125|34|507|9430022|Milimbo|9430
7126|34|507|9430023|Gollo|9430
7127|34|507|9430024|Wiringgabut|9430
7128|34|507|9430030|Tiom|9430
7129|34|507|9430031|Nogi|9430
7130|34|507|9430032|Mokoni|9430
7131|34|507|9430033|Niname|9430
7132|34|507|9430034|Yiginua|9430
7133|34|507|9430035|Tiom Ollo|9430
7134|34|507|9430036|Yugunwi|9430
7135|34|507|9430037|Lannyna|9430
7136|34|507|9430040|Balingga|9430
7137|34|507|9430041|Balingga Barat|9430
7138|34|507|9430042|Bruwa|9430
7139|34|507|9430043|Ayumnati|9430
7140|34|507|9430050|Kuyawage|9430
7141|34|507|9430051|Wano Barat|9430
7142|34|507|9430060|Malagaineri|9430
7143|34|507|9430061|Melagai|9430
7144|34|507|9430070|Tiomneri|9430
7145|34|507|9430071|Wereka|9430
7146|34|507|9430080|Dimba|9430
7147|34|507|9430081|Kelulome|9430
7148|34|507|9430082|Nikogwe|9430
7149|34|507|9430090|Gamelia|9430
7150|34|507|9430091|Karu|9430
7151|34|507|9430092|Yiluk|9430
7152|34|507|9430093|Guna|9430
7153|34|507|9430100|Poga|9430
7154|34|507|9430101|Muara|9430
7155|34|508|9431010|Kobakma|9431
7156|34|508|9431020|Ilugwa|9431
7157|34|508|9431030|Kelila|9431
7158|34|508|9431040|Eragayam|9431
7159|34|508|9431050|Megambilis|9431
7160|34|509|9432010|Welarek|9432
7161|34|509|9432020|Apalapsili|9432
7162|34|509|9432030|Abenaho|9432
7163|34|509|9432040|Elelim|9432
7164|34|509|9432050|Benawa|9432
7165|34|510|9433010|Agadugume|9433
7166|34|510|9433011|Lambewi|9433
7167|34|510|9433012|Oneri|9433
7168|34|510|9433020|Gome|9433
7169|34|510|9433021|Amungkalpia|9433
7170|34|510|9433022|Gome Utara|9433
7171|34|510|9433023|Erelmakawia|9433
7172|34|510|9433030|Ilaga|9433
7173|34|510|9433031|Ilaga Utara|9433
7174|34|510|9433032|Mabugi|9433
7175|34|510|9433033|Omukia|9433
7176|34|510|9433040|Sinak|9433
7177|34|510|9433041|Sinak Barat|9433
7178|34|510|9433042|Mage|9433
7179|34|510|9433043|Yugumuak|9433
7180|34|510|9433050|Pogoma|9433
7181|34|510|9433051|Kembru|9433
7182|34|510|9433052|Bina|9433
7183|34|510|9433060|Wangbe|9433
7184|34|510|9433061|Ogamanim|9433
7185|34|510|9433070|Beoga|9433
7186|34|510|9433071|Beoga Barat|9433
7187|34|510|9433072|Beoga Timur|9433
7188|34|510|9433080|Doufo|9433
7189|34|510|9433081|Dervos|9433
7190|34|511|9434010|Sukikai Selatan|9434
7191|34|511|9434020|Piyaiye|9434
7192|34|511|9434030|Mapia Barat|9434
7193|34|511|9434040|Mapia Tengah|9434
7194|34|511|9434050|Mapia|9434
7195|34|511|9434060|Dogiyai|9434
7196|34|511|9434070|Kamu Selatan|9434
7197|34|511|9434080|Kamu|9434
7198|34|511|9434090|Kamu Timur|9434
7199|34|511|9434100|Kamu Utara|9434
7200|34|512|9435010|Homeyo|9435
7201|34|512|9435020|Sugapa|9435
7202|34|512|9435030|Hitadipa|9435
7203|34|512|9435040|Agisiga|9435
7204|34|512|9435050|Biandoga|9435
7205|34|512|9435060|Wandai|9435
7206|34|513|9436010|Kapiraya|9436
7207|34|513|9436020|Tigi Barat|9436
7208|34|513|9436030|Tigi|9436
7209|34|513|9436040|Tigi Timur|9436
7210|34|513|9436050|Bowobado|9436
7211|34|514|9471010|Muara Tami|9471
7212|34|514|9471020|Abepura|9471
7213|34|514|9471021|Heram|9471
7214|34|514|9471030|Jayapura Selatan|9471
7215|34|514|9471040|Jayapura Utara|9471
